{
    "A":130,
    "B":150,
    "F":100,
    "J":200,
    "L":250,
    "G":240,
    "ColorIndex":34,
    "Length_Color":1,
    "UpCameraIp":"10.64.57.5",
    "DownCameraIp":"10.64.58.5",
    "BarcodeScannerIp":"192.168.1.100",
    "BarcodeScannerPort":"9102",
    "PlcSerial":"/dev/ttyUSB0",
    "UpLightSerial":"/dev/ttyUSB1",
    "DownLightSerial":"/dev/ttyUSB2",
    "autoLight":"True",
    "delayTime":0.5,
    "Recover":"False",
    "saveImagePath1":"/home/username",
    "saveImagePath2":"/home/username",
    "source_folder":"Temp",
    "destination_folder":"INPUT",
    "destination_folder2":"INPUT",
    "moveImageBefore":"True"
}