﻿no,upload_time,sn,predict_result,sf_info,get_result_time,interval
1,2024-09-14 08:56:31,DR9310202881L52AR+AA+NNNNNNNNNNN+J022J494452,FAIL,FAIL SFIS Switch is off!,2024-09-14 08:56:32.215017,0 days 00:00:00.665794
1,2024-09-14 09:09:24,DR9310202881L52AR+AA+NNNNNNNNNNN+J022J494452,FAIL,FAIL SFIS Switch is off!,2024-09-14 09:09:25,0:00:00.681870
2,2024-09-14 09:09:41,DR9310202881L52AR+AA+NNNNNNNNNNN+J022J494452,None,None,None,None
3,2024-09-14 09:10:02,DR9310202881L52AR+AA+NNNNNNNNNNN+J022J494452,None,None,None,None
4,2024-09-14 09:10:42,DR9310202881L52AR+AA+NNNNNNNNNNN+J022J494452,FAIL,FAIL SFIS Switch is off!,2024-09-14 09:10:43,0:00:00.676236
5,2024-09-14 09:11:20,DR9310202881L52AR+AA+NNNNNNNNNNN+J022J494452,None,None,None,None
6,2024-09-14 09:11:24,DR9310202881L52AR+AA+NNNNNNNNNNN+J022J494452,None,None,None,None
7,2024-09-14 09:12:04,DR9310202881L52AR+AA+NNNNNNNNNNN+J022J494452,FAIL,FAIL SFIS Switch is off!,2024-09-14 09:12:05,0:00:00.685213
8,2024-09-14 09:14:27,DR9310202881L52AR+AA+NNNNNNNNNNN+J022J494452,FAIL,FAIL SFIS Switch is off!,2024-09-14 09:14:28,0:00:00.672576
9,2024-09-14 09:14:33,DR9310202881L52AR+AA+NNNNNNNNNNN+J022J494452,FAIL,FAIL SFIS Switch is off!,2024-09-14 09:14:34,0:00:00.697300
10,2024-09-14 09:14:36,DR9310202881L52AR+AA+NNNNNNNNNNN+J022J494452,FAIL,FAIL SFIS Switch is off!,2024-09-14 09:14:37,0:00:00.661018
11,2024-09-14 09:14:38,DR9310202881L52AR+AA+NNNNNNNNNNN+J022J494452,FAIL,FAIL SFIS Switch is off!,2024-09-14 09:14:39,0:00:00.671791
12,2024-09-14 09:14:40,DR9310202881L52AR+AA+NNNNNNNNNNN+J022J494452,FAIL,FAIL SFIS Switch is off!,2024-09-14 09:14:41,0:00:00.665014
13,2024-09-14 09:14:42,DR9310202881L52AR+AA+NNNNNNNNNNN+J022J494452,FAIL,FAIL SFIS Switch is off!,2024-09-14 09:14:42,0:00:00.663933
14,2024-09-14 09:14:45,DR9310202881L52AR+AA+NNNNNNNNNNN+J022J494452,FAIL,FAIL SFIS Switch is off!,2024-09-14 09:14:46,0:00:00.655887
15,2024-09-14 09:14:47,DR9310202881L52AR+AA+NNNNNNNNNNN+J022J494452,FAIL,FAIL SFIS Switch is off!,2024-09-14 09:14:48,0:00:00.659469
16,2024-09-14 09:15:00,DR9310202881L52AR+AA+NNNNNNNNNNN+J022J494452,FAIL,FAIL SFIS Switch is off!,2024-09-14 09:15:00,0:00:00.673679
17,2024-09-14 09:15:03,DR9310202881L52AR+AA+NNNNNNNNNNN+J022J494452,FAIL,FAIL SFIS Switch is off!,2024-09-14 09:15:04,0:00:00.660185
18,2024-09-14 09:15:06,DR9310202881L52AR+AA+NNNNNNNNNNN+J022J494452,FAIL,FAIL SFIS Switch is off!,2024-09-14 09:15:07,0:00:00.668432
19,2024-09-14 09:15:09,DR9310202881L52AR+AA+NNNNNNNNNNN+J022J494452,FAIL,FAIL SFIS Switch is off!,2024-09-14 09:15:10,0:00:00.655474
20,2024-09-14 09:17:39,DR9310202881L52AR+AA+NNNNNNNNNNN+J022J494452,FAIL,FAIL SFIS Switch is off!,2024-09-14 09:17:40,0:00:00.668271
1,2024-09-14 10:20:28,DR9310202881L52AR+AA+NNNNNNNNNNN+J022J494452,None,None,None,None
2,2024-09-14 10:20:48,DR9310202881L52AR+AA+NNNNNNNNNNN+J022J494452,None,None,None,None
