﻿no,upload_time,sn,predict_result,sf_info,get_result_time,interval
1,2024-09-20 11:00:26,DR9310202881L52AR+AA+NNNNNNNNNNN+J022J494452,None,None,None,None
2,2024-09-20 11:01:06,DR9310202881L52AR+AA+NNNNNNNNNNN+J022J494452,None,None,None,None
3,2024-09-20 11:01:46,DR9310202881L52AR+AA+NNNNNNNNNNN+J022J494452,None,None,None,None
4,2024-09-20 11:02:26,DR9310202881L52AR+AA+NNNNNNNNNNN+J022J494452,None,None,None,None
5,2024-09-20 11:03:06,DR9310202881L52AR+AA+NNNNNNNNNNN+J022J494452,None,None,None,None
6,2024-09-20 11:03:46,DR9310202881L52AR+AA+NNNNNNNNNNN+J022J494452,None,None,None,None
7,2024-09-20 11:04:26,DR9310202881L52AR+AA+NNNNNNNNNNN+J022J494452,None,None,None,None
8,2024-09-20 11:05:07,DR9310202881L52AR+AA+NNNNNNNNNNN+J022J494452,None,None,None,None
9,2024-09-20 11:05:47,DR9310202881L52AR+AA+NNNNNNNNNNN+J022J494452,None,None,None,None
10,2024-09-20 11:06:27,DR9310202881L52AR+AA+NNNNNNNNNNN+J022J494452,None,None,None,None
11,2024-09-20 11:07:07,DR9310202881L52AR+AA+NNNNNNNNNNN+J022J494452,None,None,None,None
12,2024-09-20 11:07:47,DR9310202881L52AR+AA+NNNNNNNNNNN+J022J494452,None,None,None,None
13,2024-09-20 11:08:27,DR9310202881L52AR+AA+NNNNNNNNNNN+J022J494452,None,None,None,None
14,2024-09-20 11:09:07,DR9310202881L52AR+AA+NNNNNNNNNNN+J022J494452,None,None,None,None
15,2024-09-20 11:09:47,DR9310202881L52AR+AA+NNNNNNNNNNN+J022J494452,None,None,None,None
16,2024-09-20 11:10:27,DR9310202881L52AR+AA+NNNNNNNNNNN+J022J494452,None,None,None,None
17,2024-09-20 11:11:07,DR9310202881L52AR+AA+NNNNNNNNNNN+J022J494452,None,None,None,None
18,2024-09-20 11:11:47,DR9310202881L52AR+AA+NNNNNNNNNNN+J022J494452,None,None,None,None
19,2024-09-20 11:12:27,DR9310202881L52AR+AA+NNNNNNNNNNN+J022J494452,None,None,None,None
20,2024-09-20 11:13:07,DR9310202881L52AR+AA+NNNNNNNNNNN+J022J494452,None,None,None,None
21,2024-09-20 11:13:47,DR9310202881L52AR+AA+NNNNNNNNNNN+J022J494452,None,None,None,None
22,2024-09-20 11:14:28,DR9310202881L52AR+AA+NNNNNNNNNNN+J022J494452,None,None,None,None
23,2024-09-20 11:15:08,DR9310202881L52AR+AA+NNNNNNNNNNN+J022J494452,None,None,None,None
24,2024-09-20 11:15:48,DR9310202881L52AR+AA+NNNNNNNNNNN+J022J494452,None,None,None,None
25,2024-09-20 11:16:28,DR9310202881L52AR+AA+NNNNNNNNNNN+J022J494452,None,None,None,None
26,2024-09-20 11:17:08,DR9310202881L52AR+AA+NNNNNNNNNNN+J022J494452,None,None,None,None
27,2024-09-20 11:17:48,DR9310202881L52AR+AA+NNNNNNNNNNN+J022J494452,None,None,None,None
28,2024-09-20 11:18:28,DR9310202881L52AR+AA+NNNNNNNNNNN+J022J494452,None,None,None,None
29,2024-09-20 11:19:08,DR9310202881L52AR+AA+NNNNNNNNNNN+J022J494452,None,None,None,None
30,2024-09-20 11:19:48,DR9310202881L52AR+AA+NNNNNNNNNNN+J022J494452,None,None,None,None
31,2024-09-20 11:20:28,DR9310202881L52AR+AA+NNNNNNNNNNN+J022J494452,None,None,None,None
32,2024-09-20 11:21:08,DR9310202881L52AR+AA+NNNNNNNNNNN+J022J494452,None,None,None,None
33,2024-09-20 11:21:48,DR9310202881L52AR+AA+NNNNNNNNNNN+J022J494452,None,None,None,None
34,2024-09-20 11:22:28,DR9310202881L52AR+AA+NNNNNNNNNNN+J022J494452,None,None,None,None
35,2024-09-20 11:23:09,DR9310202881L52AR+AA+NNNNNNNNNNN+J022J494452,None,None,None,None
36,2024-09-20 11:23:49,DR9310202881L52AR+AA+NNNNNNNNNNN+J022J494452,None,None,None,None
37,2024-09-20 11:24:29,DR9310202881L52AR+AA+NNNNNNNNNNN+J022J494452,None,None,None,None
38,2024-09-20 11:25:09,DR9310202881L52AR+AA+NNNNNNNNNNN+J022J494452,None,None,None,None
39,2024-09-20 11:25:49,DR9310202881L52AR+AA+NNNNNNNNNNN+J022J494452,None,None,None,None
40,2024-09-20 11:26:29,DR9310202881L52AR+AA+NNNNNNNNNNN+J022J494452,None,None,None,None
41,2024-09-20 11:27:09,DR9310202881L52AR+AA+NNNNNNNNNNN+J022J494452,None,None,None,None
42,2024-09-20 11:27:49,DR9310202881L52AR+AA+NNNNNNNNNNN+J022J494452,None,None,None,None
43,2024-09-20 11:28:29,DR9310202881L52AR+AA+NNNNNNNNNNN+J022J494452,None,None,None,None
44,2024-09-20 11:29:09,DR9310202881L52AR+AA+NNNNNNNNNNN+J022J494452,None,None,None,None
45,2024-09-20 11:29:49,DR9310202881L52AR+AA+NNNNNNNNNNN+J022J494452,None,None,None,None
46,2024-09-20 11:30:29,DR9310202881L52AR+AA+NNNNNNNNNNN+J022J494452,None,None,None,None
47,2024-09-20 11:31:10,DR9310202881L52AR+AA+NNNNNNNNNNN+J022J494452,None,None,None,None
48,2024-09-20 11:31:50,DR9310202881L52AR+AA+NNNNNNNNNNN+J022J494452,None,None,None,None
49,2024-09-20 11:32:30,DR9310202881L52AR+AA+NNNNNNNNNNN+J022J494452,None,None,None,None
50,2024-09-20 11:33:10,DR9310202881L52AR+AA+NNNNNNNNNNN+J022J494452,None,None,None,None
51,2024-09-20 11:33:50,DR9310202881L52AR+AA+NNNNNNNNNNN+J022J494452,None,None,None,None
52,2024-09-20 11:34:30,DR9310202881L52AR+AA+NNNNNNNNNNN+J022J494452,None,None,None,None
53,2024-09-20 11:35:10,DR9310202881L52AR+AA+NNNNNNNNNNN+J022J494452,None,None,None,None
54,2024-09-20 11:35:50,DR9310202881L52AR+AA+NNNNNNNNNNN+J022J494452,None,None,None,None
55,2024-09-20 11:36:30,DR9310202881L52AR+AA+NNNNNNNNNNN+J022J494452,None,None,None,None
56,2024-09-20 11:37:10,DR9310202881L52AR+AA+NNNNNNNNNNN+J022J494452,None,None,None,None
57,2024-09-20 11:37:50,DR9310202881L52AR+AA+NNNNNNNNNNN+J022J494452,None,None,None,None
58,2024-09-20 11:38:30,DR9310202881L52AR+AA+NNNNNNNNNNN+J022J494452,None,None,None,None
59,2024-09-20 11:39:10,DR9310202881L52AR+AA+NNNNNNNNNNN+J022J494452,None,None,None,None
60,2024-09-20 11:39:50,DR9310202881L52AR+AA+NNNNNNNNNNN+J022J494452,None,None,None,None
61,2024-09-20 11:40:31,DR9310202881L52AR+AA+NNNNNNNNNNN+J022J494452,None,None,None,None
62,2024-09-20 11:41:11,DR9310202881L52AR+AA+NNNNNNNNNNN+J022J494452,None,None,None,None
63,2024-09-20 11:41:51,DR9310202881L52AR+AA+NNNNNNNNNNN+J022J494452,None,None,None,None
64,2024-09-20 11:42:31,DR9310202881L52AR+AA+NNNNNNNNNNN+J022J494452,None,None,None,None
65,2024-09-20 11:43:11,DR9310202881L52AR+AA+NNNNNNNNNNN+J022J494452,None,None,None,None
66,2024-09-20 11:43:51,DR9310202881L52AR+AA+NNNNNNNNNNN+J022J494452,None,None,None,None
67,2024-09-20 11:44:31,DR9310202881L52AR+AA+NNNNNNNNNNN+J022J494452,None,None,None,None
68,2024-09-20 11:45:11,DR9310202881L52AR+AA+NNNNNNNNNNN+J022J494452,None,None,None,None
69,2024-09-20 11:45:51,DR9310202881L52AR+AA+NNNNNNNNNNN+J022J494452,None,None,None,None
70,2024-09-20 11:46:31,DR9310202881L52AR+AA+NNNNNNNNNNN+J022J494452,None,None,None,None
71,2024-09-20 11:47:11,DR9310202881L52AR+AA+NNNNNNNNNNN+J022J494452,None,None,None,None
72,2024-09-20 11:47:51,DR9310202881L52AR+AA+NNNNNNNNNNN+J022J494452,None,None,None,None
73,2024-09-20 11:48:31,DR9310202881L52AR+AA+NNNNNNNNNNN+J022J494452,None,None,None,None
74,2024-09-20 11:49:12,DR9310202881L52AR+AA+NNNNNNNNNNN+J022J494452,None,None,None,None
75,2024-09-20 11:49:52,DR9310202881L52AR+AA+NNNNNNNNNNN+J022J494452,None,None,None,None
76,2024-09-20 11:50:32,DR9310202881L52AR+AA+NNNNNNNNNNN+J022J494452,None,None,None,None
77,2024-09-20 11:51:12,DR9310202881L52AR+AA+NNNNNNNNNNN+J022J494452,None,None,None,None
78,2024-09-20 11:51:52,DR9310202881L52AR+AA+NNNNNNNNNNN+J022J494452,None,None,None,None
79,2024-09-20 11:52:32,DR9310202881L52AR+AA+NNNNNNNNNNN+J022J494452,None,None,None,None
80,2024-09-20 11:53:12,DR9310202881L52AR+AA+NNNNNNNNNNN+J022J494452,None,None,None,None
81,2024-09-20 11:53:52,DR9310202881L52AR+AA+NNNNNNNNNNN+J022J494452,None,None,None,None
82,2024-09-20 11:54:32,DR9310202881L52AR+AA+NNNNNNNNNNN+J022J494452,None,None,None,None
83,2024-09-20 11:55:12,DR9310202881L52AR+AA+NNNNNNNNNNN+J022J494452,None,None,None,None
84,2024-09-20 11:55:52,DR9310202881L52AR+AA+NNNNNNNNNNN+J022J494452,None,None,None,None
85,2024-09-20 11:56:32,DR9310202881L52AR+AA+NNNNNNNNNNN+J022J494452,None,None,None,None
86,2024-09-20 11:57:12,DR9310202881L52AR+AA+NNNNNNNNNNN+J022J494452,None,None,None,None
87,2024-09-20 11:57:53,DR9310202881L52AR+AA+NNNNNNNNNNN+J022J494452,None,None,None,None
88,2024-09-20 11:58:33,DR9310202881L52AR+AA+NNNNNNNNNNN+J022J494452,None,None,None,None
89,2024-09-20 11:59:13,DR9310202881L52AR+AA+NNNNNNNNNNN+J022J494452,None,None,None,None
90,2024-09-20 11:59:53,DR9310202881L52AR+AA+NNNNNNNNNNN+J022J494452,None,None,None,None
91,2024-09-20 12:00:33,DR9310202881L52AR+AA+NNNNNNNNNNN+J022J494452,None,None,None,None
92,2024-09-20 12:01:13,DR9310202881L52AR+AA+NNNNNNNNNNN+J022J494452,None,None,None,None
93,2024-09-20 12:01:53,DR9310202881L52AR+AA+NNNNNNNNNNN+J022J494452,None,None,None,None
94,2024-09-20 12:02:33,DR9310202881L52AR+AA+NNNNNNNNNNN+J022J494452,None,None,None,None
95,2024-09-20 12:03:13,DR9310202881L52AR+AA+NNNNNNNNNNN+J022J494452,None,None,None,None
96,2024-09-20 12:03:53,DR9310202881L52AR+AA+NNNNNNNNNNN+J022J494452,None,None,None,None
97,2024-09-20 12:04:33,DR9310202881L52AR+AA+NNNNNNNNNNN+J022J494452,None,None,None,None
98,2024-09-20 12:05:13,DR9310202881L52AR+AA+NNNNNNNNNNN+J022J494452,None,None,None,None
99,2024-09-20 12:05:53,DR9310202881L52AR+AA+NNNNNNNNNNN+J022J494452,None,None,None,None
100,2024-09-20 12:06:34,DR9310202881L52AR+AA+NNNNNNNNNNN+J022J494452,None,None,None,None
101,2024-09-20 12:07:14,DR9310202881L52AR+AA+NNNNNNNNNNN+J022J494452,None,None,None,None
102,2024-09-20 12:07:54,DR9310202881L52AR+AA+NNNNNNNNNNN+J022J494452,None,None,None,None
103,2024-09-20 12:08:34,DR9310202881L52AR+AA+NNNNNNNNNNN+J022J494452,None,None,None,None
104,2024-09-20 12:09:14,DR9310202881L52AR+AA+NNNNNNNNNNN+J022J494452,None,None,None,None
105,2024-09-20 12:09:54,DR9310202881L52AR+AA+NNNNNNNNNNN+J022J494452,None,None,None,None
106,2024-09-20 12:10:34,DR9310202881L52AR+AA+NNNNNNNNNNN+J022J494452,None,None,None,None
107,2024-09-20 12:11:14,DR9310202881L52AR+AA+NNNNNNNNNNN+J022J494452,None,None,None,None
108,2024-09-20 12:11:54,DR9310202881L52AR+AA+NNNNNNNNNNN+J022J494452,None,None,None,None
109,2024-09-20 12:12:34,DR9310202881L52AR+AA+NNNNNNNNNNN+J022J494452,None,None,None,None
110,2024-09-20 12:13:14,DR9310202881L52AR+AA+NNNNNNNNNNN+J022J494452,None,None,None,None
111,2024-09-20 12:13:55,DR9310202881L52AR+AA+NNNNNNNNNNN+J022J494452,None,None,None,None
112,2024-09-20 12:14:35,DR9310202881L52AR+AA+NNNNNNNNNNN+J022J494452,None,None,None,None
113,2024-09-20 12:15:15,DR9310202881L52AR+AA+NNNNNNNNNNN+J022J494452,None,None,None,None
114,2024-09-20 12:15:55,DR9310202881L52AR+AA+NNNNNNNNNNN+J022J494452,None,None,None,None
115,2024-09-20 12:16:35,DR9310202881L52AR+AA+NNNNNNNNNNN+J022J494452,None,None,None,None
116,2024-09-20 12:17:15,DR9310202881L52AR+AA+NNNNNNNNNNN+J022J494452,None,None,None,None
117,2024-09-20 12:17:55,DR9310202881L52AR+AA+NNNNNNNNNNN+J022J494452,None,None,None,None
118,2024-09-20 12:18:35,DR9310202881L52AR+AA+NNNNNNNNNNN+J022J494452,None,None,None,None
119,2024-09-20 12:19:15,DR9310202881L52AR+AA+NNNNNNNNNNN+J022J494452,None,None,None,None
120,2024-09-20 12:19:55,DR9310202881L52AR+AA+NNNNNNNNNNN+J022J494452,None,None,None,None
121,2024-09-20 12:20:35,DR9310202881L52AR+AA+NNNNNNNNNNN+J022J494452,None,None,None,None
122,2024-09-20 12:21:15,DR9310202881L52AR+AA+NNNNNNNNNNN+J022J494452,None,None,None,None
123,2024-09-20 12:21:55,DR9310202881L52AR+AA+NNNNNNNNNNN+J022J494452,None,None,None,None
124,2024-09-20 12:22:36,DR9310202881L52AR+AA+NNNNNNNNNNN+J022J494452,None,None,None,None
125,2024-09-20 12:23:16,DR9310202881L52AR+AA+NNNNNNNNNNN+J022J494452,None,None,None,None
126,2024-09-20 12:23:56,DR9310202881L52AR+AA+NNNNNNNNNNN+J022J494452,None,None,None,None
127,2024-09-20 12:24:36,DR9310202881L52AR+AA+NNNNNNNNNNN+J022J494452,None,None,None,None
128,2024-09-20 12:25:16,DR9310202881L52AR+AA+NNNNNNNNNNN+J022J494452,None,None,None,None
129,2024-09-20 12:25:56,DR9310202881L52AR+AA+NNNNNNNNNNN+J022J494452,None,None,None,None
130,2024-09-20 12:26:36,DR9310202881L52AR+AA+NNNNNNNNNNN+J022J494452,None,None,None,None
131,2024-09-20 12:27:16,DR9310202881L52AR+AA+NNNNNNNNNNN+J022J494452,None,None,None,None
132,2024-09-20 12:27:56,DR9310202881L52AR+AA+NNNNNNNNNNN+J022J494452,None,None,None,None
133,2024-09-20 12:28:36,DR9310202881L52AR+AA+NNNNNNNNNNN+J022J494452,None,None,None,None
134,2024-09-20 12:29:16,DR9310202881L52AR+AA+NNNNNNNNNNN+J022J494452,None,None,None,None
135,2024-09-20 12:29:56,DR9310202881L52AR+AA+NNNNNNNNNNN+J022J494452,None,None,None,None
136,2024-09-20 12:30:36,DR9310202881L52AR+AA+NNNNNNNNNNN+J022J494452,None,None,None,None
137,2024-09-20 12:31:17,DR9310202881L52AR+AA+NNNNNNNNNNN+J022J494452,None,None,None,None
138,2024-09-20 12:31:57,DR9310202881L52AR+AA+NNNNNNNNNNN+J022J494452,None,None,None,None
139,2024-09-20 12:32:37,DR9310202881L52AR+AA+NNNNNNNNNNN+J022J494452,None,None,None,None
140,2024-09-20 12:33:17,DR9310202881L52AR+AA+NNNNNNNNNNN+J022J494452,None,None,None,None
141,2024-09-20 12:33:57,DR9310202881L52AR+AA+NNNNNNNNNNN+J022J494452,None,None,None,None
142,2024-09-20 12:34:37,DR9310202881L52AR+AA+NNNNNNNNNNN+J022J494452,None,None,None,None
143,2024-09-20 12:35:17,DR9310202881L52AR+AA+NNNNNNNNNNN+J022J494452,None,None,None,None
144,2024-09-20 12:35:57,DR9310202881L52AR+AA+NNNNNNNNNNN+J022J494452,None,None,None,None
145,2024-09-20 12:36:37,DR9310202881L52AR+AA+NNNNNNNNNNN+J022J494452,None,None,None,None
146,2024-09-20 12:37:17,DR9310202881L52AR+AA+NNNNNNNNNNN+J022J494452,None,None,None,None
147,2024-09-20 12:37:58,DR9310202881L52AR+AA+NNNNNNNNNNN+J022J494452,None,None,None,None
148,2024-09-20 12:38:38,DR9310202881L52AR+AA+NNNNNNNNNNN+J022J494452,None,None,None,None
149,2024-09-20 12:39:18,DR9310202881L52AR+AA+NNNNNNNNNNN+J022J494452,None,None,None,None
150,2024-09-20 12:39:58,DR9310202881L52AR+AA+NNNNNNNNNNN+J022J494452,None,None,None,None
151,2024-09-20 12:40:38,DR9310202881L52AR+AA+NNNNNNNNNNN+J022J494452,None,None,None,None
152,2024-09-20 12:41:18,DR9310202881L52AR+AA+NNNNNNNNNNN+J022J494452,None,None,None,None
153,2024-09-20 12:41:58,DR9310202881L52AR+AA+NNNNNNNNNNN+J022J494452,None,None,None,None
154,2024-09-20 12:42:38,DR9310202881L52AR+AA+NNNNNNNNNNN+J022J494452,None,None,None,None
155,2024-09-20 12:43:18,DR9310202881L52AR+AA+NNNNNNNNNNN+J022J494452,None,None,None,None
156,2024-09-20 12:43:58,DR9310202881L52AR+AA+NNNNNNNNNNN+J022J494452,None,None,None,None
157,2024-09-20 12:44:38,DR9310202881L52AR+AA+NNNNNNNNNNN+J022J494452,None,None,None,None
158,2024-09-20 12:45:18,DR9310202881L52AR+AA+NNNNNNNNNNN+J022J494452,None,None,None,None
159,2024-09-20 12:45:58,DR9310202881L52AR+AA+NNNNNNNNNNN+J022J494452,None,None,None,None
160,2024-09-20 12:46:39,DR9310202881L52AR+AA+NNNNNNNNNNN+J022J494452,None,None,None,None
161,2024-09-20 12:47:19,DR9310202881L52AR+AA+NNNNNNNNNNN+J022J494452,None,None,None,None
162,2024-09-20 12:47:59,DR9310202881L52AR+AA+NNNNNNNNNNN+J022J494452,None,None,None,None
163,2024-09-20 12:48:39,DR9310202881L52AR+AA+NNNNNNNNNNN+J022J494452,None,None,None,None
164,2024-09-20 12:49:19,DR9310202881L52AR+AA+NNNNNNNNNNN+J022J494452,None,None,None,None
165,2024-09-20 12:49:59,DR9310202881L52AR+AA+NNNNNNNNNNN+J022J494452,None,None,None,None
166,2024-09-20 12:50:39,DR9310202881L52AR+AA+NNNNNNNNNNN+J022J494452,None,None,None,None
167,2024-09-20 12:51:19,DR9310202881L52AR+AA+NNNNNNNNNNN+J022J494452,None,None,None,None
168,2024-09-20 12:51:59,DR9310202881L52AR+AA+NNNNNNNNNNN+J022J494452,None,None,None,None
169,2024-09-20 12:52:39,DR9310202881L52AR+AA+NNNNNNNNNNN+J022J494452,None,None,None,None
170,2024-09-20 12:53:19,DR9310202881L52AR+AA+NNNNNNNNNNN+J022J494452,None,None,None,None
171,2024-09-20 12:54:00,DR9310202881L52AR+AA+NNNNNNNNNNN+J022J494452,None,None,None,None
172,2024-09-20 12:54:40,DR9310202881L52AR+AA+NNNNNNNNNNN+J022J494452,None,None,None,None
173,2024-09-20 12:55:20,DR9310202881L52AR+AA+NNNNNNNNNNN+J022J494452,None,None,None,None
174,2024-09-20 12:56:00,DR9310202881L52AR+AA+NNNNNNNNNNN+J022J494452,None,None,None,None
175,2024-09-20 12:56:40,DR9310202881L52AR+AA+NNNNNNNNNNN+J022J494452,None,None,None,None
176,2024-09-20 12:57:20,DR9310202881L52AR+AA+NNNNNNNNNNN+J022J494452,None,None,None,None
177,2024-09-20 12:58:00,DR9310202881L52AR+AA+NNNNNNNNNNN+J022J494452,None,None,None,None
178,2024-09-20 12:58:40,DR9310202881L52AR+AA+NNNNNNNNNNN+J022J494452,None,None,None,None
179,2024-09-20 12:59:20,DR9310202881L52AR+AA+NNNNNNNNNNN+J022J494452,None,None,None,None
180,2024-09-20 13:00:00,DR9310202881L52AR+AA+NNNNNNNNNNN+J022J494452,None,None,None,None
181,2024-09-20 13:00:40,DR9310202881L52AR+AA+NNNNNNNNNNN+J022J494452,None,None,None,None
182,2024-09-20 13:01:20,DR9310202881L52AR+AA+NNNNNNNNNNN+J022J494452,None,None,None,None
183,2024-09-20 13:02:01,DR9310202881L52AR+AA+NNNNNNNNNNN+J022J494452,None,None,None,None
184,2024-09-20 13:02:41,DR9310202881L52AR+AA+NNNNNNNNNNN+J022J494452,None,None,None,None
185,2024-09-20 13:03:21,DR9310202881L52AR+AA+NNNNNNNNNNN+J022J494452,None,None,None,None
186,2024-09-20 13:04:01,DR9310202881L52AR+AA+NNNNNNNNNNN+J022J494452,None,None,None,None
187,2024-09-20 13:04:41,DR9310202881L52AR+AA+NNNNNNNNNNN+J022J494452,None,None,None,None
188,2024-09-20 13:05:21,DR9310202881L52AR+AA+NNNNNNNNNNN+J022J494452,None,None,None,None
189,2024-09-20 13:06:01,DR9310202881L52AR+AA+NNNNNNNNNNN+J022J494452,None,None,None,None
190,2024-09-20 13:06:41,DR9310202881L52AR+AA+NNNNNNNNNNN+J022J494452,None,None,None,None
191,2024-09-20 13:07:21,DR9310202881L52AR+AA+NNNNNNNNNNN+J022J494452,None,None,None,None
192,2024-09-20 13:08:01,DR9310202881L52AR+AA+NNNNNNNNNNN+J022J494452,None,None,None,None
193,2024-09-20 13:08:41,DR9310202881L52AR+AA+NNNNNNNNNNN+J022J494452,None,None,None,None
194,2024-09-20 13:09:21,DR9310202881L52AR+AA+NNNNNNNNNNN+J022J494452,None,None,None,None
195,2024-09-20 13:10:02,DR9310202881L52AR+AA+NNNNNNNNNNN+J022J494452,None,None,None,None
196,2024-09-20 13:10:42,DR9310202881L52AR+AA+NNNNNNNNNNN+J022J494452,None,None,None,None
197,2024-09-20 13:11:22,DR9310202881L52AR+AA+NNNNNNNNNNN+J022J494452,None,None,None,None
198,2024-09-20 13:12:02,DR9310202881L52AR+AA+NNNNNNNNNNN+J022J494452,None,None,None,None
199,2024-09-20 13:12:42,DR9310202881L52AR+AA+NNNNNNNNNNN+J022J494452,None,None,None,None
200,2024-09-20 13:13:22,DR9310202881L52AR+AA+NNNNNNNNNNN+J022J494452,None,None,None,None
201,2024-09-20 13:14:02,DR9310202881L52AR+AA+NNNNNNNNNNN+J022J494452,None,None,None,None
202,2024-09-20 13:14:42,DR9310202881L52AR+AA+NNNNNNNNNNN+J022J494452,None,None,None,None
203,2024-09-20 13:15:22,DR9310202881L52AR+AA+NNNNNNNNNNN+J022J494452,None,None,None,None
204,2024-09-20 13:16:02,DR9310202881L52AR+AA+NNNNNNNNNNN+J022J494452,None,None,None,None
205,2024-09-20 13:16:42,DR9310202881L52AR+AA+NNNNNNNNNNN+J022J494452,None,None,None,None
206,2024-09-20 13:17:22,DR9310202881L52AR+AA+NNNNNNNNNNN+J022J494452,None,None,None,None
207,2024-09-20 13:18:03,DR9310202881L52AR+AA+NNNNNNNNNNN+J022J494452,None,None,None,None
208,2024-09-20 13:18:43,DR9310202881L52AR+AA+NNNNNNNNNNN+J022J494452,None,None,None,None
209,2024-09-20 13:19:23,DR9310202881L52AR+AA+NNNNNNNNNNN+J022J494452,None,None,None,None
210,2024-09-20 13:20:03,DR9310202881L52AR+AA+NNNNNNNNNNN+J022J494452,None,None,None,None
211,2024-09-20 13:20:43,DR9310202881L52AR+AA+NNNNNNNNNNN+J022J494452,None,None,None,None
212,2024-09-20 13:21:23,DR9310202881L52AR+AA+NNNNNNNNNNN+J022J494452,None,None,None,None
213,2024-09-20 13:22:03,DR9310202881L52AR+AA+NNNNNNNNNNN+J022J494452,None,None,None,None
214,2024-09-20 13:22:43,DR9310202881L52AR+AA+NNNNNNNNNNN+J022J494452,None,None,None,None
215,2024-09-20 13:23:23,DR9310202881L52AR+AA+NNNNNNNNNNN+J022J494452,None,None,None,None
216,2024-09-20 13:24:03,DR9310202881L52AR+AA+NNNNNNNNNNN+J022J494452,None,None,None,None
217,2024-09-20 13:24:43,DR9310202881L52AR+AA+NNNNNNNNNNN+J022J494452,None,None,None,None
218,2024-09-20 13:25:23,DR9310202881L52AR+AA+NNNNNNNNNNN+J022J494452,None,None,None,None
219,2024-09-20 13:26:04,DR9310202881L52AR+AA+NNNNNNNNNNN+J022J494452,None,None,None,None
220,2024-09-20 13:26:44,DR9310202881L52AR+AA+NNNNNNNNNNN+J022J494452,None,None,None,None
221,2024-09-20 13:27:24,DR9310202881L52AR+AA+NNNNNNNNNNN+J022J494452,None,None,None,None
222,2024-09-20 13:28:04,DR9310202881L52AR+AA+NNNNNNNNNNN+J022J494452,None,None,None,None
223,2024-09-20 13:28:44,DR9310202881L52AR+AA+NNNNNNNNNNN+J022J494452,None,None,None,None
224,2024-09-20 13:29:24,DR9310202881L52AR+AA+NNNNNNNNNNN+J022J494452,None,None,None,None
225,2024-09-20 13:30:04,DR9310202881L52AR+AA+NNNNNNNNNNN+J022J494452,None,None,None,None
226,2024-09-20 13:30:44,DR9310202881L52AR+AA+NNNNNNNNNNN+J022J494452,None,None,None,None
227,2024-09-20 13:31:24,DR9310202881L52AR+AA+NNNNNNNNNNN+J022J494452,None,None,None,None
228,2024-09-20 13:32:04,DR9310202881L52AR+AA+NNNNNNNNNNN+J022J494452,None,None,None,None
229,2024-09-20 13:32:44,DR9310202881L52AR+AA+NNNNNNNNNNN+J022J494452,None,None,None,None
230,2024-09-20 13:33:24,DR9310202881L52AR+AA+NNNNNNNNNNN+J022J494452,None,None,None,None
231,2024-09-20 13:34:05,DR9310202881L52AR+AA+NNNNNNNNNNN+J022J494452,None,None,None,None
232,2024-09-20 13:34:45,DR9310202881L52AR+AA+NNNNNNNNNNN+J022J494452,None,None,None,None
233,2024-09-20 13:35:25,DR9310202881L52AR+AA+NNNNNNNNNNN+J022J494452,None,None,None,None
234,2024-09-20 13:36:05,DR9310202881L52AR+AA+NNNNNNNNNNN+J022J494452,None,None,None,None
235,2024-09-20 13:36:45,DR9310202881L52AR+AA+NNNNNNNNNNN+J022J494452,None,None,None,None
236,2024-09-20 13:37:25,DR9310202881L52AR+AA+NNNNNNNNNNN+J022J494452,None,None,None,None
237,2024-09-20 13:38:05,DR9310202881L52AR+AA+NNNNNNNNNNN+J022J494452,None,None,None,None
238,2024-09-20 13:38:45,DR9310202881L52AR+AA+NNNNNNNNNNN+J022J494452,None,None,None,None
239,2024-09-20 13:39:25,DR9310202881L52AR+AA+NNNNNNNNNNN+J022J494452,None,None,None,None
240,2024-09-20 13:40:05,DR9310202881L52AR+AA+NNNNNNNNNNN+J022J494452,None,None,None,None
241,2024-09-20 13:40:45,DR9310202881L52AR+AA+NNNNNNNNNNN+J022J494452,None,None,None,None
242,2024-09-20 13:41:26,DR9310202881L52AR+AA+NNNNNNNNNNN+J022J494452,None,None,None,None
243,2024-09-20 13:42:06,DR9310202881L52AR+AA+NNNNNNNNNNN+J022J494452,None,None,None,None
244,2024-09-20 13:42:46,DR9310202881L52AR+AA+NNNNNNNNNNN+J022J494452,None,None,None,None
245,2024-09-20 13:43:26,DR9310202881L52AR+AA+NNNNNNNNNNN+J022J494452,None,None,None,None
246,2024-09-20 13:44:06,DR9310202881L52AR+AA+NNNNNNNNNNN+J022J494452,None,None,None,None
247,2024-09-20 13:44:46,DR9310202881L52AR+AA+NNNNNNNNNNN+J022J494452,None,None,None,None
248,2024-09-20 13:45:26,DR9310202881L52AR+AA+NNNNNNNNNNN+J022J494452,None,None,None,None
249,2024-09-20 13:46:06,DR9310202881L52AR+AA+NNNNNNNNNNN+J022J494452,None,None,None,None
250,2024-09-20 13:46:46,DR9310202881L52AR+AA+NNNNNNNNNNN+J022J494452,None,None,None,None
251,2024-09-20 13:47:26,DR9310202881L52AR+AA+NNNNNNNNNNN+J022J494452,None,None,None,None
252,2024-09-20 13:48:06,DR9310202881L52AR+AA+NNNNNNNNNNN+J022J494452,None,None,None,None
253,2024-09-20 13:48:46,DR9310202881L52AR+AA+NNNNNNNNNNN+J022J494452,None,None,None,None
254,2024-09-20 13:49:27,DR9310202881L52AR+AA+NNNNNNNNNNN+J022J494452,None,None,None,None
255,2024-09-20 13:50:07,DR9310202881L52AR+AA+NNNNNNNNNNN+J022J494452,None,None,None,None
256,2024-09-20 13:50:47,DR9310202881L52AR+AA+NNNNNNNNNNN+J022J494452,None,None,None,None
257,2024-09-20 13:51:27,DR9310202881L52AR+AA+NNNNNNNNNNN+J022J494452,None,None,None,None
258,2024-09-20 13:52:07,DR9310202881L52AR+AA+NNNNNNNNNNN+J022J494452,None,None,None,None
259,2024-09-20 13:52:47,DR9310202881L52AR+AA+NNNNNNNNNNN+J022J494452,None,None,None,None
260,2024-09-20 13:53:27,DR9310202881L52AR+AA+NNNNNNNNNNN+J022J494452,None,None,None,None
261,2024-09-20 13:54:07,DR9310202881L52AR+AA+NNNNNNNNNNN+J022J494452,None,None,None,None
262,2024-09-20 13:54:47,DR9310202881L52AR+AA+NNNNNNNNNNN+J022J494452,None,None,None,None
263,2024-09-20 13:55:27,DR9310202881L52AR+AA+NNNNNNNNNNN+J022J494452,None,None,None,None
264,2024-09-20 13:56:07,DR9310202881L52AR+AA+NNNNNNNNNNN+J022J494452,None,None,None,None
265,2024-09-20 13:56:48,DR9310202881L52AR+AA+NNNNNNNNNNN+J022J494452,None,None,None,None
266,2024-09-20 13:57:28,DR9310202881L52AR+AA+NNNNNNNNNNN+J022J494452,None,None,None,None
267,2024-09-20 13:58:08,DR9310202881L52AR+AA+NNNNNNNNNNN+J022J494452,None,None,None,None
268,2024-09-20 13:58:48,DR9310202881L52AR+AA+NNNNNNNNNNN+J022J494452,None,None,None,None
269,2024-09-20 13:59:28,DR9310202881L52AR+AA+NNNNNNNNNNN+J022J494452,None,None,None,None
270,2024-09-20 14:00:08,DR9310202881L52AR+AA+NNNNNNNNNNN+J022J494452,None,None,None,None
271,2024-09-20 14:00:48,DR9310202881L52AR+AA+NNNNNNNNNNN+J022J494452,None,None,None,None
272,2024-09-20 14:01:28,DR9310202881L52AR+AA+NNNNNNNNNNN+J022J494452,None,None,None,None
273,2024-09-20 14:02:08,DR9310202881L52AR+AA+NNNNNNNNNNN+J022J494452,None,None,None,None
274,2024-09-20 14:02:48,DR9310202881L52AR+AA+NNNNNNNNNNN+J022J494452,None,None,None,None
275,2024-09-20 14:03:28,DR9310202881L52AR+AA+NNNNNNNNNNN+J022J494452,None,None,None,None
276,2024-09-20 14:04:08,DR9310202881L52AR+AA+NNNNNNNNNNN+J022J494452,None,None,None,None
277,2024-09-20 14:04:49,DR9310202881L52AR+AA+NNNNNNNNNNN+J022J494452,None,None,None,None
278,2024-09-20 14:05:29,DR9310202881L52AR+AA+NNNNNNNNNNN+J022J494452,None,None,None,None
279,2024-09-20 14:06:09,DR9310202881L52AR+AA+NNNNNNNNNNN+J022J494452,None,None,None,None
280,2024-09-20 14:06:49,DR9310202881L52AR+AA+NNNNNNNNNNN+J022J494452,None,None,None,None
281,2024-09-20 14:07:29,DR9310202881L52AR+AA+NNNNNNNNNNN+J022J494452,None,None,None,None
282,2024-09-20 14:08:09,DR9310202881L52AR+AA+NNNNNNNNNNN+J022J494452,None,None,None,None
283,2024-09-20 14:08:49,DR9310202881L52AR+AA+NNNNNNNNNNN+J022J494452,None,None,None,None
284,2024-09-20 14:09:29,DR9310202881L52AR+AA+NNNNNNNNNNN+J022J494452,None,None,None,None
285,2024-09-20 14:10:09,DR9310202881L52AR+AA+NNNNNNNNNNN+J022J494452,None,None,None,None
286,2024-09-20 14:10:49,DR9310202881L52AR+AA+NNNNNNNNNNN+J022J494452,None,None,None,None
287,2024-09-20 14:11:29,DR9310202881L52AR+AA+NNNNNNNNNNN+J022J494452,None,None,None,None
288,2024-09-20 14:12:00,DR9310202881L52AR+AA+NNNNNNNNNNN+J022J494452,None,None,None,None
289,2024-09-20 14:12:20,DR9310202881L52AR+AA+NNNNNNNNNNN+J022J494452,None,None,None,None
290,2024-09-20 14:12:20,DR9310202881L52AR+AA+NNNNNNNNNNN+J022J494452,None,None,None,None
291,2024-09-20 14:12:20,DR9310202881L52AR+AA+NNNNNNNNNNN+J022J494452,None,None,None,None
292,2024-09-20 14:12:20,DR9310202881L52AR+AA+NNNNNNNNNNN+J022J494452,None,None,None,None
293,2024-09-20 14:12:20,DR9310202881L52AR+AA+NNNNNNNNNNN+J022J494452,None,None,None,None
294,2024-09-20 14:12:20,DR9310202881L52AR+AA+NNNNNNNNNNN+J022J494452,None,None,None,None
295,2024-09-20 14:12:20,DR9310202881L52AR+AA+NNNNNNNNNNN+J022J494452,None,None,None,None
296,2024-09-20 14:12:20,DR9310202881L52AR+AA+NNNNNNNNNNN+J022J494452,None,None,None,None
297,2024-09-20 14:12:20,DR9310202881L52AR+AA+NNNNNNNNNNN+J022J494452,None,None,None,None
298,2024-09-20 14:12:20,DR9310202881L52AR+AA+NNNNNNNNNNN+J022J494452,None,None,None,None
299,2024-09-20 14:12:20,DR9310202881L52AR+AA+NNNNNNNNNNN+J022J494452,None,None,None,None
300,2024-09-20 14:12:20,DR9310202881L52AR+AA+NNNNNNNNNNN+J022J494452,None,None,None,None
301,2024-09-20 14:12:20,DR9310202881L52AR+AA+NNNNNNNNNNN+J022J494452,None,None,None,None
302,2024-09-20 14:12:20,DR9310202881L52AR+AA+NNNNNNNNNNN+J022J494452,None,None,None,None
303,2024-09-20 14:12:20,DR9310202881L52AR+AA+NNNNNNNNNNN+J022J494452,None,None,None,None
304,2024-09-20 14:12:20,DR9310202881L52AR+AA+NNNNNNNNNNN+J022J494452,None,None,None,None
305,2024-09-20 14:12:20,DR9310202881L52AR+AA+NNNNNNNNNNN+J022J494452,None,None,None,None
306,2024-09-20 14:12:20,DR9310202881L52AR+AA+NNNNNNNNNNN+J022J494452,None,None,None,None
307,2024-09-20 14:12:20,DR9310202881L52AR+AA+NNNNNNNNNNN+J022J494452,None,None,None,None
308,2024-09-20 14:12:20,DR9310202881L52AR+AA+NNNNNNNNNNN+J022J494452,None,None,None,None
309,2024-09-20 14:12:20,DR9310202881L52AR+AA+NNNNNNNNNNN+J022J494452,None,None,None,None
310,2024-09-20 14:12:20,DR9310202881L52AR+AA+NNNNNNNNNNN+J022J494452,None,None,None,None
311,2024-09-20 14:12:20,DR9310202881L52AR+AA+NNNNNNNNNNN+J022J494452,None,None,None,None
312,2024-09-20 14:12:20,DR9310202881L52AR+AA+NNNNNNNNNNN+J022J494452,None,None,None,None
313,2024-09-20 14:12:20,DR9310202881L52AR+AA+NNNNNNNNNNN+J022J494452,None,None,None,None
314,2024-09-20 14:12:20,DR9310202881L52AR+AA+NNNNNNNNNNN+J022J494452,None,None,None,None
315,2024-09-20 14:12:20,DR9310202881L52AR+AA+NNNNNNNNNNN+J022J494452,None,None,None,None
316,2024-09-20 14:12:20,DR9310202881L52AR+AA+NNNNNNNNNNN+J022J494452,None,None,None,None
317,2024-09-20 14:12:20,DR9310202881L52AR+AA+NNNNNNNNNNN+J022J494452,None,None,None,None
318,2024-09-20 14:12:20,DR9310202881L52AR+AA+NNNNNNNNNNN+J022J494452,None,None,None,None
319,2024-09-20 14:12:20,DR9310202881L52AR+AA+NNNNNNNNNNN+J022J494452,None,None,None,None
320,2024-09-20 14:12:20,DR9310202881L52AR+AA+NNNNNNNNNNN+J022J494452,None,None,None,None
321,2024-09-20 14:12:20,DR9310202881L52AR+AA+NNNNNNNNNNN+J022J494452,None,None,None,None
322,2024-09-20 14:12:20,DR9310202881L52AR+AA+NNNNNNNNNNN+J022J494452,None,None,None,None
323,2024-09-20 14:12:20,DR9310202881L52AR+AA+NNNNNNNNNNN+J022J494452,None,None,None,None
324,2024-09-20 14:12:20,DR9310202881L52AR+AA+NNNNNNNNNNN+J022J494452,None,None,None,None
325,2024-09-20 14:12:20,DR9310202881L52AR+AA+NNNNNNNNNNN+J022J494452,None,None,None,None
326,2024-09-20 14:12:21,DR9310202881L52AR+AA+NNNNNNNNNNN+J022J494452,None,None,None,None
327,2024-09-20 14:12:21,DR9310202881L52AR+AA+NNNNNNNNNNN+J022J494452,None,None,None,None
328,2024-09-20 14:12:21,DR9310202881L52AR+AA+NNNNNNNNNNN+J022J494452,None,None,None,None
329,2024-09-20 14:12:21,DR9310202881L52AR+AA+NNNNNNNNNNN+J022J494452,None,None,None,None
330,2024-09-20 14:12:21,DR9310202881L52AR+AA+NNNNNNNNNNN+J022J494452,None,None,None,None
331,2024-09-20 14:12:21,DR9310202881L52AR+AA+NNNNNNNNNNN+J022J494452,None,None,None,None
332,2024-09-20 14:12:21,DR9310202881L52AR+AA+NNNNNNNNNNN+J022J494452,None,None,None,None
333,2024-09-20 14:12:21,DR9310202881L52AR+AA+NNNNNNNNNNN+J022J494452,None,None,None,None
334,2024-09-20 14:12:21,DR9310202881L52AR+AA+NNNNNNNNNNN+J022J494452,None,None,None,None
335,2024-09-20 14:12:21,DR9310202881L52AR+AA+NNNNNNNNNNN+J022J494452,None,None,None,None
336,2024-09-20 14:12:21,DR9310202881L52AR+AA+NNNNNNNNNNN+J022J494452,None,None,None,None
337,2024-09-20 14:12:21,DR9310202881L52AR+AA+NNNNNNNNNNN+J022J494452,None,None,None,None
338,2024-09-20 14:12:21,DR9310202881L52AR+AA+NNNNNNNNNNN+J022J494452,None,None,None,None
339,2024-09-20 14:12:21,DR9310202881L52AR+AA+NNNNNNNNNNN+J022J494452,None,None,None,None
340,2024-09-20 14:12:21,DR9310202881L52AR+AA+NNNNNNNNNNN+J022J494452,None,None,None,None
341,2024-09-20 14:12:21,DR9310202881L52AR+AA+NNNNNNNNNNN+J022J494452,None,None,None,None
342,2024-09-20 14:12:21,DR9310202881L52AR+AA+NNNNNNNNNNN+J022J494452,None,None,None,None
343,2024-09-20 14:12:21,DR9310202881L52AR+AA+NNNNNNNNNNN+J022J494452,None,None,None,None
344,2024-09-20 14:12:21,DR9310202881L52AR+AA+NNNNNNNNNNN+J022J494452,None,None,None,None
345,2024-09-20 14:12:21,DR9310202881L52AR+AA+NNNNNNNNNNN+J022J494452,None,None,None,None
346,2024-09-20 14:12:21,DR9310202881L52AR+AA+NNNNNNNNNNN+J022J494452,None,None,None,None
347,2024-09-20 14:12:21,DR9310202881L52AR+AA+NNNNNNNNNNN+J022J494452,None,None,None,None
348,2024-09-20 14:12:21,DR9310202881L52AR+AA+NNNNNNNNNNN+J022J494452,None,None,None,None
349,2024-09-20 14:12:21,DR9310202881L52AR+AA+NNNNNNNNNNN+J022J494452,None,None,None,None
350,2024-09-20 14:12:21,DR9310202881L52AR+AA+NNNNNNNNNNN+J022J494452,None,None,None,None
351,2024-09-20 14:12:21,DR9310202881L52AR+AA+NNNNNNNNNNN+J022J494452,None,None,None,None
352,2024-09-20 14:12:21,DR9310202881L52AR+AA+NNNNNNNNNNN+J022J494452,None,None,None,None
353,2024-09-20 14:12:21,DR9310202881L52AR+AA+NNNNNNNNNNN+J022J494452,None,None,None,None
354,2024-09-20 14:12:21,DR9310202881L52AR+AA+NNNNNNNNNNN+J022J494452,None,None,None,None
355,2024-09-20 14:12:21,DR9310202881L52AR+AA+NNNNNNNNNNN+J022J494452,None,None,None,None
356,2024-09-20 14:12:21,DR9310202881L52AR+AA+NNNNNNNNNNN+J022J494452,None,None,None,None
357,2024-09-20 14:12:21,DR9310202881L52AR+AA+NNNNNNNNNNN+J022J494452,None,None,None,None
358,2024-09-20 14:12:21,DR9310202881L52AR+AA+NNNNNNNNNNN+J022J494452,None,None,None,None
359,2024-09-20 14:12:21,DR9310202881L52AR+AA+NNNNNNNNNNN+J022J494452,None,None,None,None
360,2024-09-20 14:12:21,DR9310202881L52AR+AA+NNNNNNNNNNN+J022J494452,None,None,None,None
361,2024-09-20 14:12:21,DR9310202881L52AR+AA+NNNNNNNNNNN+J022J494452,None,None,None,None
362,2024-09-20 14:12:21,DR9310202881L52AR+AA+NNNNNNNNNNN+J022J494452,None,None,None,None
363,2024-09-20 14:12:21,DR9310202881L52AR+AA+NNNNNNNNNNN+J022J494452,None,None,None,None
364,2024-09-20 14:12:21,DR9310202881L52AR+AA+NNNNNNNNNNN+J022J494452,None,None,None,None
365,2024-09-20 14:12:21,DR9310202881L52AR+AA+NNNNNNNNNNN+J022J494452,None,None,None,None
366,2024-09-20 14:12:21,DR9310202881L52AR+AA+NNNNNNNNNNN+J022J494452,None,None,None,None
367,2024-09-20 14:12:21,DR9310202881L52AR+AA+NNNNNNNNNNN+J022J494452,None,None,None,None
368,2024-09-20 14:12:21,DR9310202881L52AR+AA+NNNNNNNNNNN+J022J494452,None,None,None,None
369,2024-09-20 14:12:21,DR9310202881L52AR+AA+NNNNNNNNNNN+J022J494452,None,None,None,None
370,2024-09-20 14:12:21,DR9310202881L52AR+AA+NNNNNNNNNNN+J022J494452,None,None,None,None
371,2024-09-20 14:12:21,DR9310202881L52AR+AA+NNNNNNNNNNN+J022J494452,None,None,None,None
372,2024-09-20 14:12:21,DR9310202881L52AR+AA+NNNNNNNNNNN+J022J494452,None,None,None,None
373,2024-09-20 14:12:21,DR9310202881L52AR+AA+NNNNNNNNNNN+J022J494452,None,None,None,None
374,2024-09-20 14:12:21,DR9310202881L52AR+AA+NNNNNNNNNNN+J022J494452,None,None,None,None
375,2024-09-20 14:12:21,DR9310202881L52AR+AA+NNNNNNNNNNN+J022J494452,None,None,None,None
376,2024-09-20 14:12:21,DR9310202881L52AR+AA+NNNNNNNNNNN+J022J494452,None,None,None,None
377,2024-09-20 14:12:21,DR9310202881L52AR+AA+NNNNNNNNNNN+J022J494452,None,None,None,None
378,2024-09-20 14:12:21,DR9310202881L52AR+AA+NNNNNNNNNNN+J022J494452,None,None,None,None
379,2024-09-20 14:12:21,DR9310202881L52AR+AA+NNNNNNNNNNN+J022J494452,None,None,None,None
380,2024-09-20 14:12:21,DR9310202881L52AR+AA+NNNNNNNNNNN+J022J494452,None,None,None,None
381,2024-09-20 14:12:21,DR9310202881L52AR+AA+NNNNNNNNNNN+J022J494452,None,None,None,None
382,2024-09-20 14:12:21,DR9310202881L52AR+AA+NNNNNNNNNNN+J022J494452,None,None,None,None
383,2024-09-20 14:12:21,DR9310202881L52AR+AA+NNNNNNNNNNN+J022J494452,None,None,None,None
384,2024-09-20 14:12:21,DR9310202881L52AR+AA+NNNNNNNNNNN+J022J494452,None,None,None,None
385,2024-09-20 14:12:21,DR9310202881L52AR+AA+NNNNNNNNNNN+J022J494452,None,None,None,None
386,2024-09-20 14:12:21,DR9310202881L52AR+AA+NNNNNNNNNNN+J022J494452,None,None,None,None
387,2024-09-20 14:12:21,DR9310202881L52AR+AA+NNNNNNNNNNN+J022J494452,None,None,None,None
388,2024-09-20 14:12:22,DR9310202881L52AR+AA+NNNNNNNNNNN+J022J494452,None,None,None,None
389,2024-09-20 14:12:22,DR9310202881L52AR+AA+NNNNNNNNNNN+J022J494452,None,None,None,None
390,2024-09-20 14:12:22,DR9310202881L52AR+AA+NNNNNNNNNNN+J022J494452,None,None,None,None
391,2024-09-20 14:12:22,DR9310202881L52AR+AA+NNNNNNNNNNN+J022J494452,None,None,None,None
392,2024-09-20 14:12:22,DR9310202881L52AR+AA+NNNNNNNNNNN+J022J494452,None,None,None,None
393,2024-09-20 14:12:22,DR9310202881L52AR+AA+NNNNNNNNNNN+J022J494452,None,None,None,None
394,2024-09-20 14:12:22,DR9310202881L52AR+AA+NNNNNNNNNNN+J022J494452,None,None,None,None
395,2024-09-20 14:12:22,DR9310202881L52AR+AA+NNNNNNNNNNN+J022J494452,None,None,None,None
396,2024-09-20 14:12:22,DR9310202881L52AR+AA+NNNNNNNNNNN+J022J494452,None,None,None,None
397,2024-09-20 14:12:22,DR9310202881L52AR+AA+NNNNNNNNNNN+J022J494452,None,None,None,None
398,2024-09-20 14:12:22,DR9310202881L52AR+AA+NNNNNNNNNNN+J022J494452,None,None,None,None
399,2024-09-20 14:12:22,DR9310202881L52AR+AA+NNNNNNNNNNN+J022J494452,None,None,None,None
400,2024-09-20 14:12:22,DR9310202881L52AR+AA+NNNNNNNNNNN+J022J494452,None,None,None,None
401,2024-09-20 14:12:22,DR9310202881L52AR+AA+NNNNNNNNNNN+J022J494452,None,None,None,None
402,2024-09-20 14:12:22,DR9310202881L52AR+AA+NNNNNNNNNNN+J022J494452,None,None,None,None
403,2024-09-20 14:12:22,DR9310202881L52AR+AA+NNNNNNNNNNN+J022J494452,None,None,None,None
404,2024-09-20 14:12:22,DR9310202881L52AR+AA+NNNNNNNNNNN+J022J494452,None,None,None,None
405,2024-09-20 14:12:22,DR9310202881L52AR+AA+NNNNNNNNNNN+J022J494452,None,None,None,None
406,2024-09-20 14:12:22,DR9310202881L52AR+AA+NNNNNNNNNNN+J022J494452,None,None,None,None
407,2024-09-20 14:12:22,DR9310202881L52AR+AA+NNNNNNNNNNN+J022J494452,None,None,None,None
408,2024-09-20 14:12:22,DR9310202881L52AR+AA+NNNNNNNNNNN+J022J494452,None,None,None,None
409,2024-09-20 14:12:22,DR9310202881L52AR+AA+NNNNNNNNNNN+J022J494452,None,None,None,None
410,2024-09-20 14:12:22,DR9310202881L52AR+AA+NNNNNNNNNNN+J022J494452,None,None,None,None
411,2024-09-20 14:12:22,DR9310202881L52AR+AA+NNNNNNNNNNN+J022J494452,None,None,None,None
412,2024-09-20 14:12:22,DR9310202881L52AR+AA+NNNNNNNNNNN+J022J494452,None,None,None,None
413,2024-09-20 14:12:22,DR9310202881L52AR+AA+NNNNNNNNNNN+J022J494452,None,None,None,None
414,2024-09-20 14:12:22,DR9310202881L52AR+AA+NNNNNNNNNNN+J022J494452,None,None,None,None
415,2024-09-20 14:12:22,DR9310202881L52AR+AA+NNNNNNNNNNN+J022J494452,None,None,None,None
416,2024-09-20 14:12:22,DR9310202881L52AR+AA+NNNNNNNNNNN+J022J494452,None,None,None,None
417,2024-09-20 14:12:22,DR9310202881L52AR+AA+NNNNNNNNNNN+J022J494452,None,None,None,None
418,2024-09-20 14:12:22,DR9310202881L52AR+AA+NNNNNNNNNNN+J022J494452,None,None,None,None
419,2024-09-20 14:12:22,DR9310202881L52AR+AA+NNNNNNNNNNN+J022J494452,None,None,None,None
420,2024-09-20 14:12:22,DR9310202881L52AR+AA+NNNNNNNNNNN+J022J494452,None,None,None,None
421,2024-09-20 14:12:22,DR9310202881L52AR+AA+NNNNNNNNNNN+J022J494452,None,None,None,None
422,2024-09-20 14:12:22,DR9310202881L52AR+AA+NNNNNNNNNNN+J022J494452,None,None,None,None
423,2024-09-20 14:12:22,DR9310202881L52AR+AA+NNNNNNNNNNN+J022J494452,None,None,None,None
424,2024-09-20 14:12:22,DR9310202881L52AR+AA+NNNNNNNNNNN+J022J494452,None,None,None,None
425,2024-09-20 14:12:22,DR9310202881L52AR+AA+NNNNNNNNNNN+J022J494452,None,None,None,None
426,2024-09-20 14:12:22,DR9310202881L52AR+AA+NNNNNNNNNNN+J022J494452,None,None,None,None
427,2024-09-20 14:12:22,DR9310202881L52AR+AA+NNNNNNNNNNN+J022J494452,None,None,None,None
428,2024-09-20 14:12:22,DR9310202881L52AR+AA+NNNNNNNNNNN+J022J494452,None,None,None,None
429,2024-09-20 14:12:22,DR9310202881L52AR+AA+NNNNNNNNNNN+J022J494452,None,None,None,None
430,2024-09-20 14:12:22,DR9310202881L52AR+AA+NNNNNNNNNNN+J022J494452,None,None,None,None
431,2024-09-20 14:12:22,DR9310202881L52AR+AA+NNNNNNNNNNN+J022J494452,None,None,None,None
432,2024-09-20 14:12:22,DR9310202881L52AR+AA+NNNNNNNNNNN+J022J494452,None,None,None,None
433,2024-09-20 14:12:22,DR9310202881L52AR+AA+NNNNNNNNNNN+J022J494452,None,None,None,None
434,2024-09-20 14:12:22,DR9310202881L52AR+AA+NNNNNNNNNNN+J022J494452,None,None,None,None
435,2024-09-20 14:12:22,DR9310202881L52AR+AA+NNNNNNNNNNN+J022J494452,None,None,None,None
436,2024-09-20 14:12:22,DR9310202881L52AR+AA+NNNNNNNNNNN+J022J494452,None,None,None,None
437,2024-09-20 14:12:22,DR9310202881L52AR+AA+NNNNNNNNNNN+J022J494452,None,None,None,None
438,2024-09-20 14:12:22,DR9310202881L52AR+AA+NNNNNNNNNNN+J022J494452,None,None,None,None
439,2024-09-20 14:12:22,DR9310202881L52AR+AA+NNNNNNNNNNN+J022J494452,None,None,None,None
440,2024-09-20 14:12:22,DR9310202881L52AR+AA+NNNNNNNNNNN+J022J494452,None,None,None,None
441,2024-09-20 14:12:22,DR9310202881L52AR+AA+NNNNNNNNNNN+J022J494452,None,None,None,None
442,2024-09-20 14:12:22,DR9310202881L52AR+AA+NNNNNNNNNNN+J022J494452,None,None,None,None
443,2024-09-20 14:12:23,DR9310202881L52AR+AA+NNNNNNNNNNN+J022J494452,None,None,None,None
444,2024-09-20 14:12:23,DR9310202881L52AR+AA+NNNNNNNNNNN+J022J494452,None,None,None,None
445,2024-09-20 14:12:23,DR9310202881L52AR+AA+NNNNNNNNNNN+J022J494452,None,None,None,None
446,2024-09-20 14:12:23,DR9310202881L52AR+AA+NNNNNNNNNNN+J022J494452,None,None,None,None
447,2024-09-20 14:12:23,DR9310202881L52AR+AA+NNNNNNNNNNN+J022J494452,None,None,None,None
448,2024-09-20 14:12:23,DR9310202881L52AR+AA+NNNNNNNNNNN+J022J494452,None,None,None,None
449,2024-09-20 14:12:23,DR9310202881L52AR+AA+NNNNNNNNNNN+J022J494452,None,None,None,None
450,2024-09-20 14:12:23,DR9310202881L52AR+AA+NNNNNNNNNNN+J022J494452,None,None,None,None
451,2024-09-20 14:12:23,DR9310202881L52AR+AA+NNNNNNNNNNN+J022J494452,None,None,None,None
452,2024-09-20 14:12:23,DR9310202881L52AR+AA+NNNNNNNNNNN+J022J494452,None,None,None,None
453,2024-09-20 14:12:23,DR9310202881L52AR+AA+NNNNNNNNNNN+J022J494452,None,None,None,None
454,2024-09-20 14:12:23,DR9310202881L52AR+AA+NNNNNNNNNNN+J022J494452,None,None,None,None
455,2024-09-20 14:12:23,DR9310202881L52AR+AA+NNNNNNNNNNN+J022J494452,None,None,None,None
456,2024-09-20 14:12:23,DR9310202881L52AR+AA+NNNNNNNNNNN+J022J494452,None,None,None,None
457,2024-09-20 14:12:23,DR9310202881L52AR+AA+NNNNNNNNNNN+J022J494452,None,None,None,None
458,2024-09-20 14:12:23,DR9310202881L52AR+AA+NNNNNNNNNNN+J022J494452,None,None,None,None
459,2024-09-20 14:12:23,DR9310202881L52AR+AA+NNNNNNNNNNN+J022J494452,None,None,None,None
460,2024-09-20 14:12:23,DR9310202881L52AR+AA+NNNNNNNNNNN+J022J494452,None,None,None,None
461,2024-09-20 14:12:23,DR9310202881L52AR+AA+NNNNNNNNNNN+J022J494452,None,None,None,None
462,2024-09-20 14:12:23,DR9310202881L52AR+AA+NNNNNNNNNNN+J022J494452,None,None,None,None
463,2024-09-20 14:12:23,DR9310202881L52AR+AA+NNNNNNNNNNN+J022J494452,None,None,None,None
464,2024-09-20 14:12:23,DR9310202881L52AR+AA+NNNNNNNNNNN+J022J494452,None,None,None,None
465,2024-09-20 14:12:23,DR9310202881L52AR+AA+NNNNNNNNNNN+J022J494452,None,None,None,None
466,2024-09-20 14:12:23,DR9310202881L52AR+AA+NNNNNNNNNNN+J022J494452,None,None,None,None
467,2024-09-20 14:12:23,DR9310202881L52AR+AA+NNNNNNNNNNN+J022J494452,None,None,None,None
468,2024-09-20 14:12:23,DR9310202881L52AR+AA+NNNNNNNNNNN+J022J494452,None,None,None,None
469,2024-09-20 14:12:23,DR9310202881L52AR+AA+NNNNNNNNNNN+J022J494452,None,None,None,None
470,2024-09-20 14:12:23,DR9310202881L52AR+AA+NNNNNNNNNNN+J022J494452,None,None,None,None
471,2024-09-20 14:12:23,DR9310202881L52AR+AA+NNNNNNNNNNN+J022J494452,None,None,None,None
472,2024-09-20 14:12:23,DR9310202881L52AR+AA+NNNNNNNNNNN+J022J494452,None,None,None,None
473,2024-09-20 14:12:23,DR9310202881L52AR+AA+NNNNNNNNNNN+J022J494452,None,None,None,None
474,2024-09-20 14:12:23,DR9310202881L52AR+AA+NNNNNNNNNNN+J022J494452,None,None,None,None
475,2024-09-20 14:12:23,DR9310202881L52AR+AA+NNNNNNNNNNN+J022J494452,None,None,None,None
476,2024-09-20 14:12:23,DR9310202881L52AR+AA+NNNNNNNNNNN+J022J494452,None,None,None,None
477,2024-09-20 14:12:23,DR9310202881L52AR+AA+NNNNNNNNNNN+J022J494452,None,None,None,None
478,2024-09-20 14:12:23,DR9310202881L52AR+AA+NNNNNNNNNNN+J022J494452,None,None,None,None
479,2024-09-20 14:12:23,DR9310202881L52AR+AA+NNNNNNNNNNN+J022J494452,None,None,None,None
480,2024-09-20 14:12:23,DR9310202881L52AR+AA+NNNNNNNNNNN+J022J494452,None,None,None,None
481,2024-09-20 14:12:23,DR9310202881L52AR+AA+NNNNNNNNNNN+J022J494452,None,None,None,None
482,2024-09-20 14:12:23,DR9310202881L52AR+AA+NNNNNNNNNNN+J022J494452,None,None,None,None
483,2024-09-20 14:12:23,DR9310202881L52AR+AA+NNNNNNNNNNN+J022J494452,None,None,None,None
484,2024-09-20 14:12:23,DR9310202881L52AR+AA+NNNNNNNNNNN+J022J494452,None,None,None,None
485,2024-09-20 14:12:23,DR9310202881L52AR+AA+NNNNNNNNNNN+J022J494452,None,None,None,None
486,2024-09-20 14:12:23,DR9310202881L52AR+AA+NNNNNNNNNNN+J022J494452,None,None,None,None
487,2024-09-20 14:12:23,DR9310202881L52AR+AA+NNNNNNNNNNN+J022J494452,None,None,None,None
488,2024-09-20 14:12:23,DR9310202881L52AR+AA+NNNNNNNNNNN+J022J494452,None,None,None,None
489,2024-09-20 14:12:23,DR9310202881L52AR+AA+NNNNNNNNNNN+J022J494452,None,None,None,None
490,2024-09-20 14:12:23,DR9310202881L52AR+AA+NNNNNNNNNNN+J022J494452,None,None,None,None
491,2024-09-20 14:12:23,DR9310202881L52AR+AA+NNNNNNNNNNN+J022J494452,None,None,None,None
492,2024-09-20 14:12:23,DR9310202881L52AR+AA+NNNNNNNNNNN+J022J494452,None,None,None,None
493,2024-09-20 14:12:23,DR9310202881L52AR+AA+NNNNNNNNNNN+J022J494452,None,None,None,None
494,2024-09-20 14:12:23,DR9310202881L52AR+AA+NNNNNNNNNNN+J022J494452,None,None,None,None
495,2024-09-20 14:12:23,DR9310202881L52AR+AA+NNNNNNNNNNN+J022J494452,None,None,None,None
496,2024-09-20 14:12:23,DR9310202881L52AR+AA+NNNNNNNNNNN+J022J494452,None,None,None,None
497,2024-09-20 14:12:23,DR9310202881L52AR+AA+NNNNNNNNNNN+J022J494452,None,None,None,None
498,2024-09-20 14:12:23,DR9310202881L52AR+AA+NNNNNNNNNNN+J022J494452,None,None,None,None
499,2024-09-20 14:12:23,DR9310202881L52AR+AA+NNNNNNNNNNN+J022J494452,None,None,None,None
500,2024-09-20 14:12:23,DR9310202881L52AR+AA+NNNNNNNNNNN+J022J494452,None,None,None,None
501,2024-09-20 14:12:23,DR9310202881L52AR+AA+NNNNNNNNNNN+J022J494452,None,None,None,None
502,2024-09-20 14:12:24,DR9310202881L52AR+AA+NNNNNNNNNNN+J022J494452,None,None,None,None
503,2024-09-20 14:12:24,DR9310202881L52AR+AA+NNNNNNNNNNN+J022J494452,None,None,None,None
504,2024-09-20 14:12:24,DR9310202881L52AR+AA+NNNNNNNNNNN+J022J494452,None,None,None,None
505,2024-09-20 14:12:24,DR9310202881L52AR+AA+NNNNNNNNNNN+J022J494452,None,None,None,None
506,2024-09-20 14:12:24,DR9310202881L52AR+AA+NNNNNNNNNNN+J022J494452,None,None,None,None
507,2024-09-20 14:12:24,DR9310202881L52AR+AA+NNNNNNNNNNN+J022J494452,None,None,None,None
508,2024-09-20 14:12:24,DR9310202881L52AR+AA+NNNNNNNNNNN+J022J494452,None,None,None,None
509,2024-09-20 14:12:24,DR9310202881L52AR+AA+NNNNNNNNNNN+J022J494452,None,None,None,None
510,2024-09-20 14:12:24,DR9310202881L52AR+AA+NNNNNNNNNNN+J022J494452,None,None,None,None
511,2024-09-20 14:12:24,DR9310202881L52AR+AA+NNNNNNNNNNN+J022J494452,None,None,None,None
512,2024-09-20 14:12:24,DR9310202881L52AR+AA+NNNNNNNNNNN+J022J494452,None,None,None,None
513,2024-09-20 14:12:24,DR9310202881L52AR+AA+NNNNNNNNNNN+J022J494452,None,None,None,None
514,2024-09-20 14:12:24,DR9310202881L52AR+AA+NNNNNNNNNNN+J022J494452,None,None,None,None
515,2024-09-20 14:12:24,DR9310202881L52AR+AA+NNNNNNNNNNN+J022J494452,None,None,None,None
516,2024-09-20 14:12:24,DR9310202881L52AR+AA+NNNNNNNNNNN+J022J494452,None,None,None,None
517,2024-09-20 14:12:24,DR9310202881L52AR+AA+NNNNNNNNNNN+J022J494452,None,None,None,None
518,2024-09-20 14:12:24,DR9310202881L52AR+AA+NNNNNNNNNNN+J022J494452,None,None,None,None
519,2024-09-20 14:12:24,DR9310202881L52AR+AA+NNNNNNNNNNN+J022J494452,None,None,None,None
520,2024-09-20 14:12:24,DR9310202881L52AR+AA+NNNNNNNNNNN+J022J494452,None,None,None,None
521,2024-09-20 14:12:24,DR9310202881L52AR+AA+NNNNNNNNNNN+J022J494452,None,None,None,None
522,2024-09-20 14:12:24,DR9310202881L52AR+AA+NNNNNNNNNNN+J022J494452,None,None,None,None
523,2024-09-20 14:12:24,DR9310202881L52AR+AA+NNNNNNNNNNN+J022J494452,None,None,None,None
524,2024-09-20 14:12:24,DR9310202881L52AR+AA+NNNNNNNNNNN+J022J494452,None,None,None,None
525,2024-09-20 14:12:24,DR9310202881L52AR+AA+NNNNNNNNNNN+J022J494452,None,None,None,None
526,2024-09-20 14:12:24,DR9310202881L52AR+AA+NNNNNNNNNNN+J022J494452,None,None,None,None
527,2024-09-20 14:12:24,DR9310202881L52AR+AA+NNNNNNNNNNN+J022J494452,None,None,None,None
528,2024-09-20 14:12:24,DR9310202881L52AR+AA+NNNNNNNNNNN+J022J494452,None,None,None,None
529,2024-09-20 14:12:24,DR9310202881L52AR+AA+NNNNNNNNNNN+J022J494452,None,None,None,None
530,2024-09-20 14:12:24,DR9310202881L52AR+AA+NNNNNNNNNNN+J022J494452,None,None,None,None
531,2024-09-20 14:12:24,DR9310202881L52AR+AA+NNNNNNNNNNN+J022J494452,None,None,None,None
532,2024-09-20 14:12:24,DR9310202881L52AR+AA+NNNNNNNNNNN+J022J494452,None,None,None,None
533,2024-09-20 14:12:24,DR9310202881L52AR+AA+NNNNNNNNNNN+J022J494452,None,None,None,None
534,2024-09-20 14:12:24,DR9310202881L52AR+AA+NNNNNNNNNNN+J022J494452,None,None,None,None
535,2024-09-20 14:12:24,DR9310202881L52AR+AA+NNNNNNNNNNN+J022J494452,None,None,None,None
536,2024-09-20 14:12:24,DR9310202881L52AR+AA+NNNNNNNNNNN+J022J494452,None,None,None,None
537,2024-09-20 14:12:24,DR9310202881L52AR+AA+NNNNNNNNNNN+J022J494452,None,None,None,None
538,2024-09-20 14:12:24,DR9310202881L52AR+AA+NNNNNNNNNNN+J022J494452,None,None,None,None
539,2024-09-20 14:12:24,DR9310202881L52AR+AA+NNNNNNNNNNN+J022J494452,None,None,None,None
540,2024-09-20 14:12:24,DR9310202881L52AR+AA+NNNNNNNNNNN+J022J494452,None,None,None,None
541,2024-09-20 14:12:24,DR9310202881L52AR+AA+NNNNNNNNNNN+J022J494452,None,None,None,None
542,2024-09-20 14:12:24,DR9310202881L52AR+AA+NNNNNNNNNNN+J022J494452,None,None,None,None
543,2024-09-20 14:12:24,DR9310202881L52AR+AA+NNNNNNNNNNN+J022J494452,None,None,None,None
544,2024-09-20 14:12:24,DR9310202881L52AR+AA+NNNNNNNNNNN+J022J494452,None,None,None,None
545,2024-09-20 14:12:24,DR9310202881L52AR+AA+NNNNNNNNNNN+J022J494452,None,None,None,None
546,2024-09-20 14:12:24,DR9310202881L52AR+AA+NNNNNNNNNNN+J022J494452,None,None,None,None
547,2024-09-20 14:12:24,DR9310202881L52AR+AA+NNNNNNNNNNN+J022J494452,None,None,None,None
548,2024-09-20 14:12:24,DR9310202881L52AR+AA+NNNNNNNNNNN+J022J494452,None,None,None,None
549,2024-09-20 14:12:24,DR9310202881L52AR+AA+NNNNNNNNNNN+J022J494452,None,None,None,None
550,2024-09-20 14:12:24,DR9310202881L52AR+AA+NNNNNNNNNNN+J022J494452,None,None,None,None
551,2024-09-20 14:12:24,DR9310202881L52AR+AA+NNNNNNNNNNN+J022J494452,None,None,None,None
552,2024-09-20 14:12:24,DR9310202881L52AR+AA+NNNNNNNNNNN+J022J494452,None,None,None,None
553,2024-09-20 14:12:24,DR9310202881L52AR+AA+NNNNNNNNNNN+J022J494452,None,None,None,None
554,2024-09-20 14:12:24,DR9310202881L52AR+AA+NNNNNNNNNNN+J022J494452,None,None,None,None
555,2024-09-20 14:12:24,DR9310202881L52AR+AA+NNNNNNNNNNN+J022J494452,None,None,None,None
556,2024-09-20 14:12:24,DR9310202881L52AR+AA+NNNNNNNNNNN+J022J494452,None,None,None,None
557,2024-09-20 14:12:24,DR9310202881L52AR+AA+NNNNNNNNNNN+J022J494452,None,None,None,None
558,2024-09-20 14:12:24,DR9310202881L52AR+AA+NNNNNNNNNNN+J022J494452,None,None,None,None
559,2024-09-20 14:12:24,DR9310202881L52AR+AA+NNNNNNNNNNN+J022J494452,None,None,None,None
560,2024-09-20 14:12:24,DR9310202881L52AR+AA+NNNNNNNNNNN+J022J494452,None,None,None,None
561,2024-09-20 14:12:25,DR9310202881L52AR+AA+NNNNNNNNNNN+J022J494452,None,None,None,None
562,2024-09-20 14:12:25,DR9310202881L52AR+AA+NNNNNNNNNNN+J022J494452,None,None,None,None
563,2024-09-20 14:12:25,DR9310202881L52AR+AA+NNNNNNNNNNN+J022J494452,None,None,None,None
564,2024-09-20 14:12:25,DR9310202881L52AR+AA+NNNNNNNNNNN+J022J494452,None,None,None,None
565,2024-09-20 14:12:25,DR9310202881L52AR+AA+NNNNNNNNNNN+J022J494452,None,None,None,None
566,2024-09-20 14:12:25,DR9310202881L52AR+AA+NNNNNNNNNNN+J022J494452,None,None,None,None
567,2024-09-20 14:12:25,DR9310202881L52AR+AA+NNNNNNNNNNN+J022J494452,None,None,None,None
568,2024-09-20 14:12:25,DR9310202881L52AR+AA+NNNNNNNNNNN+J022J494452,None,None,None,None
569,2024-09-20 14:12:25,DR9310202881L52AR+AA+NNNNNNNNNNN+J022J494452,None,None,None,None
570,2024-09-20 14:12:25,DR9310202881L52AR+AA+NNNNNNNNNNN+J022J494452,None,None,None,None
571,2024-09-20 14:12:25,DR9310202881L52AR+AA+NNNNNNNNNNN+J022J494452,None,None,None,None
572,2024-09-20 14:12:25,DR9310202881L52AR+AA+NNNNNNNNNNN+J022J494452,None,None,None,None
573,2024-09-20 14:12:25,DR9310202881L52AR+AA+NNNNNNNNNNN+J022J494452,None,None,None,None
574,2024-09-20 14:12:25,DR9310202881L52AR+AA+NNNNNNNNNNN+J022J494452,None,None,None,None
575,2024-09-20 14:12:25,DR9310202881L52AR+AA+NNNNNNNNNNN+J022J494452,None,None,None,None
576,2024-09-20 14:12:25,DR9310202881L52AR+AA+NNNNNNNNNNN+J022J494452,None,None,None,None
577,2024-09-20 14:12:25,DR9310202881L52AR+AA+NNNNNNNNNNN+J022J494452,None,None,None,None
578,2024-09-20 14:12:25,DR9310202881L52AR+AA+NNNNNNNNNNN+J022J494452,None,None,None,None
579,2024-09-20 14:12:25,DR9310202881L52AR+AA+NNNNNNNNNNN+J022J494452,None,None,None,None
580,2024-09-20 14:12:25,DR9310202881L52AR+AA+NNNNNNNNNNN+J022J494452,None,None,None,None
581,2024-09-20 14:12:25,DR9310202881L52AR+AA+NNNNNNNNNNN+J022J494452,None,None,None,None
582,2024-09-20 14:12:25,DR9310202881L52AR+AA+NNNNNNNNNNN+J022J494452,None,None,None,None
583,2024-09-20 14:12:25,DR9310202881L52AR+AA+NNNNNNNNNNN+J022J494452,None,None,None,None
584,2024-09-20 14:12:25,DR9310202881L52AR+AA+NNNNNNNNNNN+J022J494452,None,None,None,None
585,2024-09-20 14:12:25,DR9310202881L52AR+AA+NNNNNNNNNNN+J022J494452,None,None,None,None
586,2024-09-20 14:12:25,DR9310202881L52AR+AA+NNNNNNNNNNN+J022J494452,None,None,None,None
587,2024-09-20 14:12:25,DR9310202881L52AR+AA+NNNNNNNNNNN+J022J494452,None,None,None,None
588,2024-09-20 14:12:25,DR9310202881L52AR+AA+NNNNNNNNNNN+J022J494452,None,None,None,None
589,2024-09-20 14:12:25,DR9310202881L52AR+AA+NNNNNNNNNNN+J022J494452,None,None,None,None
590,2024-09-20 14:12:25,DR9310202881L52AR+AA+NNNNNNNNNNN+J022J494452,None,None,None,None
591,2024-09-20 14:12:25,DR9310202881L52AR+AA+NNNNNNNNNNN+J022J494452,None,None,None,None
592,2024-09-20 14:12:25,DR9310202881L52AR+AA+NNNNNNNNNNN+J022J494452,None,None,None,None
593,2024-09-20 14:12:25,DR9310202881L52AR+AA+NNNNNNNNNNN+J022J494452,None,None,None,None
594,2024-09-20 14:12:25,DR9310202881L52AR+AA+NNNNNNNNNNN+J022J494452,None,None,None,None
595,2024-09-20 14:12:25,DR9310202881L52AR+AA+NNNNNNNNNNN+J022J494452,None,None,None,None
596,2024-09-20 14:12:25,DR9310202881L52AR+AA+NNNNNNNNNNN+J022J494452,None,None,None,None
597,2024-09-20 14:12:25,DR9310202881L52AR+AA+NNNNNNNNNNN+J022J494452,None,None,None,None
598,2024-09-20 14:12:25,DR9310202881L52AR+AA+NNNNNNNNNNN+J022J494452,None,None,None,None
599,2024-09-20 14:12:25,DR9310202881L52AR+AA+NNNNNNNNNNN+J022J494452,None,None,None,None
600,2024-09-20 14:12:25,DR9310202881L52AR+AA+NNNNNNNNNNN+J022J494452,None,None,None,None
601,2024-09-20 14:12:25,DR9310202881L52AR+AA+NNNNNNNNNNN+J022J494452,None,None,None,None
602,2024-09-20 14:12:25,DR9310202881L52AR+AA+NNNNNNNNNNN+J022J494452,None,None,None,None
603,2024-09-20 14:12:25,DR9310202881L52AR+AA+NNNNNNNNNNN+J022J494452,None,None,None,None
604,2024-09-20 14:12:25,DR9310202881L52AR+AA+NNNNNNNNNNN+J022J494452,None,None,None,None
605,2024-09-20 14:12:25,DR9310202881L52AR+AA+NNNNNNNNNNN+J022J494452,None,None,None,None
606,2024-09-20 14:12:25,DR9310202881L52AR+AA+NNNNNNNNNNN+J022J494452,None,None,None,None
607,2024-09-20 14:12:25,DR9310202881L52AR+AA+NNNNNNNNNNN+J022J494452,None,None,None,None
608,2024-09-20 14:12:25,DR9310202881L52AR+AA+NNNNNNNNNNN+J022J494452,None,None,None,None
609,2024-09-20 14:12:25,DR9310202881L52AR+AA+NNNNNNNNNNN+J022J494452,None,None,None,None
610,2024-09-20 14:12:25,DR9310202881L52AR+AA+NNNNNNNNNNN+J022J494452,None,None,None,None
611,2024-09-20 14:12:25,DR9310202881L52AR+AA+NNNNNNNNNNN+J022J494452,None,None,None,None
612,2024-09-20 14:12:25,DR9310202881L52AR+AA+NNNNNNNNNNN+J022J494452,None,None,None,None
613,2024-09-20 14:12:25,DR9310202881L52AR+AA+NNNNNNNNNNN+J022J494452,None,None,None,None
614,2024-09-20 14:12:25,DR9310202881L52AR+AA+NNNNNNNNNNN+J022J494452,None,None,None,None
615,2024-09-20 14:12:25,DR9310202881L52AR+AA+NNNNNNNNNNN+J022J494452,None,None,None,None
616,2024-09-20 14:12:25,DR9310202881L52AR+AA+NNNNNNNNNNN+J022J494452,None,None,None,None
617,2024-09-20 14:12:25,DR9310202881L52AR+AA+NNNNNNNNNNN+J022J494452,None,None,None,None
618,2024-09-20 14:12:25,DR9310202881L52AR+AA+NNNNNNNNNNN+J022J494452,None,None,None,None
619,2024-09-20 14:12:25,DR9310202881L52AR+AA+NNNNNNNNNNN+J022J494452,None,None,None,None
620,2024-09-20 14:12:25,DR9310202881L52AR+AA+NNNNNNNNNNN+J022J494452,None,None,None,None
621,2024-09-20 14:12:25,DR9310202881L52AR+AA+NNNNNNNNNNN+J022J494452,None,None,None,None
622,2024-09-20 14:12:25,DR9310202881L52AR+AA+NNNNNNNNNNN+J022J494452,None,None,None,None
623,2024-09-20 14:12:25,DR9310202881L52AR+AA+NNNNNNNNNNN+J022J494452,None,None,None,None
624,2024-09-20 14:12:26,DR9310202881L52AR+AA+NNNNNNNNNNN+J022J494452,None,None,None,None
625,2024-09-20 14:12:26,DR9310202881L52AR+AA+NNNNNNNNNNN+J022J494452,None,None,None,None
626,2024-09-20 14:12:26,DR9310202881L52AR+AA+NNNNNNNNNNN+J022J494452,None,None,None,None
627,2024-09-20 14:12:26,DR9310202881L52AR+AA+NNNNNNNNNNN+J022J494452,None,None,None,None
628,2024-09-20 14:12:26,DR9310202881L52AR+AA+NNNNNNNNNNN+J022J494452,None,None,None,None
629,2024-09-20 14:12:26,DR9310202881L52AR+AA+NNNNNNNNNNN+J022J494452,None,None,None,None
630,2024-09-20 14:12:26,DR9310202881L52AR+AA+NNNNNNNNNNN+J022J494452,None,None,None,None
631,2024-09-20 14:12:26,DR9310202881L52AR+AA+NNNNNNNNNNN+J022J494452,None,None,None,None
632,2024-09-20 14:12:26,DR9310202881L52AR+AA+NNNNNNNNNNN+J022J494452,None,None,None,None
633,2024-09-20 14:12:26,DR9310202881L52AR+AA+NNNNNNNNNNN+J022J494452,None,None,None,None
634,2024-09-20 14:12:26,DR9310202881L52AR+AA+NNNNNNNNNNN+J022J494452,None,None,None,None
635,2024-09-20 14:12:26,DR9310202881L52AR+AA+NNNNNNNNNNN+J022J494452,None,None,None,None
636,2024-09-20 14:12:26,DR9310202881L52AR+AA+NNNNNNNNNNN+J022J494452,None,None,None,None
637,2024-09-20 14:12:26,DR9310202881L52AR+AA+NNNNNNNNNNN+J022J494452,None,None,None,None
638,2024-09-20 14:12:26,DR9310202881L52AR+AA+NNNNNNNNNNN+J022J494452,None,None,None,None
639,2024-09-20 14:12:26,DR9310202881L52AR+AA+NNNNNNNNNNN+J022J494452,None,None,None,None
640,2024-09-20 14:12:26,DR9310202881L52AR+AA+NNNNNNNNNNN+J022J494452,None,None,None,None
641,2024-09-20 14:12:26,DR9310202881L52AR+AA+NNNNNNNNNNN+J022J494452,None,None,None,None
642,2024-09-20 14:12:26,DR9310202881L52AR+AA+NNNNNNNNNNN+J022J494452,None,None,None,None
643,2024-09-20 14:12:26,DR9310202881L52AR+AA+NNNNNNNNNNN+J022J494452,None,None,None,None
644,2024-09-20 14:12:26,DR9310202881L52AR+AA+NNNNNNNNNNN+J022J494452,None,None,None,None
645,2024-09-20 14:12:26,DR9310202881L52AR+AA+NNNNNNNNNNN+J022J494452,None,None,None,None
646,2024-09-20 14:12:26,DR9310202881L52AR+AA+NNNNNNNNNNN+J022J494452,None,None,None,None
647,2024-09-20 14:12:26,DR9310202881L52AR+AA+NNNNNNNNNNN+J022J494452,None,None,None,None
648,2024-09-20 14:12:26,DR9310202881L52AR+AA+NNNNNNNNNNN+J022J494452,None,None,None,None
649,2024-09-20 14:12:26,DR9310202881L52AR+AA+NNNNNNNNNNN+J022J494452,None,None,None,None
650,2024-09-20 14:12:26,DR9310202881L52AR+AA+NNNNNNNNNNN+J022J494452,None,None,None,None
651,2024-09-20 14:12:26,DR9310202881L52AR+AA+NNNNNNNNNNN+J022J494452,None,None,None,None
652,2024-09-20 14:12:26,DR9310202881L52AR+AA+NNNNNNNNNNN+J022J494452,None,None,None,None
653,2024-09-20 14:12:26,DR9310202881L52AR+AA+NNNNNNNNNNN+J022J494452,None,None,None,None
654,2024-09-20 14:12:26,DR9310202881L52AR+AA+NNNNNNNNNNN+J022J494452,None,None,None,None
655,2024-09-20 14:12:26,DR9310202881L52AR+AA+NNNNNNNNNNN+J022J494452,None,None,None,None
656,2024-09-20 14:12:26,DR9310202881L52AR+AA+NNNNNNNNNNN+J022J494452,None,None,None,None
657,2024-09-20 14:12:26,DR9310202881L52AR+AA+NNNNNNNNNNN+J022J494452,None,None,None,None
658,2024-09-20 14:12:26,DR9310202881L52AR+AA+NNNNNNNNNNN+J022J494452,None,None,None,None
659,2024-09-20 14:12:26,DR9310202881L52AR+AA+NNNNNNNNNNN+J022J494452,None,None,None,None
660,2024-09-20 14:12:26,DR9310202881L52AR+AA+NNNNNNNNNNN+J022J494452,None,None,None,None
661,2024-09-20 14:12:26,DR9310202881L52AR+AA+NNNNNNNNNNN+J022J494452,None,None,None,None
662,2024-09-20 14:12:26,DR9310202881L52AR+AA+NNNNNNNNNNN+J022J494452,None,None,None,None
663,2024-09-20 14:12:26,DR9310202881L52AR+AA+NNNNNNNNNNN+J022J494452,None,None,None,None
664,2024-09-20 14:12:26,DR9310202881L52AR+AA+NNNNNNNNNNN+J022J494452,None,None,None,None
665,2024-09-20 14:12:26,DR9310202881L52AR+AA+NNNNNNNNNNN+J022J494452,None,None,None,None
666,2024-09-20 14:12:26,DR9310202881L52AR+AA+NNNNNNNNNNN+J022J494452,None,None,None,None
667,2024-09-20 14:12:26,DR9310202881L52AR+AA+NNNNNNNNNNN+J022J494452,None,None,None,None
668,2024-09-20 14:12:26,DR9310202881L52AR+AA+NNNNNNNNNNN+J022J494452,None,None,None,None
669,2024-09-20 14:12:26,DR9310202881L52AR+AA+NNNNNNNNNNN+J022J494452,None,None,None,None
670,2024-09-20 14:12:26,DR9310202881L52AR+AA+NNNNNNNNNNN+J022J494452,None,None,None,None
671,2024-09-20 14:12:26,DR9310202881L52AR+AA+NNNNNNNNNNN+J022J494452,None,None,None,None
672,2024-09-20 14:12:26,DR9310202881L52AR+AA+NNNNNNNNNNN+J022J494452,None,None,None,None
673,2024-09-20 14:12:26,DR9310202881L52AR+AA+NNNNNNNNNNN+J022J494452,None,None,None,None
674,2024-09-20 14:12:26,DR9310202881L52AR+AA+NNNNNNNNNNN+J022J494452,None,None,None,None
675,2024-09-20 14:12:26,DR9310202881L52AR+AA+NNNNNNNNNNN+J022J494452,None,None,None,None
676,2024-09-20 14:12:26,DR9310202881L52AR+AA+NNNNNNNNNNN+J022J494452,None,None,None,None
677,2024-09-20 14:12:26,DR9310202881L52AR+AA+NNNNNNNNNNN+J022J494452,None,None,None,None
678,2024-09-20 14:12:26,DR9310202881L52AR+AA+NNNNNNNNNNN+J022J494452,None,None,None,None
679,2024-09-20 14:12:26,DR9310202881L52AR+AA+NNNNNNNNNNN+J022J494452,None,None,None,None
680,2024-09-20 14:12:26,DR9310202881L52AR+AA+NNNNNNNNNNN+J022J494452,None,None,None,None
681,2024-09-20 14:12:26,DR9310202881L52AR+AA+NNNNNNNNNNN+J022J494452,None,None,None,None
682,2024-09-20 14:12:26,DR9310202881L52AR+AA+NNNNNNNNNNN+J022J494452,None,None,None,None
683,2024-09-20 14:12:26,DR9310202881L52AR+AA+NNNNNNNNNNN+J022J494452,None,None,None,None
684,2024-09-20 14:12:27,DR9310202881L52AR+AA+NNNNNNNNNNN+J022J494452,None,None,None,None
685,2024-09-20 14:12:27,DR9310202881L52AR+AA+NNNNNNNNNNN+J022J494452,None,None,None,None
686,2024-09-20 14:12:27,DR9310202881L52AR+AA+NNNNNNNNNNN+J022J494452,None,None,None,None
687,2024-09-20 14:12:27,DR9310202881L52AR+AA+NNNNNNNNNNN+J022J494452,None,None,None,None
688,2024-09-20 14:12:27,DR9310202881L52AR+AA+NNNNNNNNNNN+J022J494452,None,None,None,None
689,2024-09-20 14:12:27,DR9310202881L52AR+AA+NNNNNNNNNNN+J022J494452,None,None,None,None
690,2024-09-20 14:12:27,DR9310202881L52AR+AA+NNNNNNNNNNN+J022J494452,None,None,None,None
691,2024-09-20 14:12:27,DR9310202881L52AR+AA+NNNNNNNNNNN+J022J494452,None,None,None,None
692,2024-09-20 14:12:27,DR9310202881L52AR+AA+NNNNNNNNNNN+J022J494452,None,None,None,None
693,2024-09-20 14:12:27,DR9310202881L52AR+AA+NNNNNNNNNNN+J022J494452,None,None,None,None
694,2024-09-20 14:12:27,DR9310202881L52AR+AA+NNNNNNNNNNN+J022J494452,None,None,None,None
695,2024-09-20 14:12:27,DR9310202881L52AR+AA+NNNNNNNNNNN+J022J494452,None,None,None,None
696,2024-09-20 14:12:27,DR9310202881L52AR+AA+NNNNNNNNNNN+J022J494452,None,None,None,None
697,2024-09-20 14:12:27,DR9310202881L52AR+AA+NNNNNNNNNNN+J022J494452,None,None,None,None
698,2024-09-20 14:12:27,DR9310202881L52AR+AA+NNNNNNNNNNN+J022J494452,None,None,None,None
699,2024-09-20 14:12:27,DR9310202881L52AR+AA+NNNNNNNNNNN+J022J494452,None,None,None,None
700,2024-09-20 14:12:27,DR9310202881L52AR+AA+NNNNNNNNNNN+J022J494452,None,None,None,None
701,2024-09-20 14:12:27,DR9310202881L52AR+AA+NNNNNNNNNNN+J022J494452,None,None,None,None
702,2024-09-20 14:12:27,DR9310202881L52AR+AA+NNNNNNNNNNN+J022J494452,None,None,None,None
703,2024-09-20 14:12:27,DR9310202881L52AR+AA+NNNNNNNNNNN+J022J494452,None,None,None,None
704,2024-09-20 14:12:27,DR9310202881L52AR+AA+NNNNNNNNNNN+J022J494452,None,None,None,None
705,2024-09-20 14:12:27,DR9310202881L52AR+AA+NNNNNNNNNNN+J022J494452,None,None,None,None
706,2024-09-20 14:12:27,DR9310202881L52AR+AA+NNNNNNNNNNN+J022J494452,None,None,None,None
707,2024-09-20 14:12:27,DR9310202881L52AR+AA+NNNNNNNNNNN+J022J494452,None,None,None,None
708,2024-09-20 14:12:27,DR9310202881L52AR+AA+NNNNNNNNNNN+J022J494452,None,None,None,None
709,2024-09-20 14:12:27,DR9310202881L52AR+AA+NNNNNNNNNNN+J022J494452,None,None,None,None
710,2024-09-20 14:12:27,DR9310202881L52AR+AA+NNNNNNNNNNN+J022J494452,None,None,None,None
711,2024-09-20 14:12:27,DR9310202881L52AR+AA+NNNNNNNNNNN+J022J494452,None,None,None,None
712,2024-09-20 14:12:27,DR9310202881L52AR+AA+NNNNNNNNNNN+J022J494452,None,None,None,None
713,2024-09-20 14:12:27,DR9310202881L52AR+AA+NNNNNNNNNNN+J022J494452,None,None,None,None
714,2024-09-20 14:12:27,DR9310202881L52AR+AA+NNNNNNNNNNN+J022J494452,None,None,None,None
715,2024-09-20 14:12:27,DR9310202881L52AR+AA+NNNNNNNNNNN+J022J494452,None,None,None,None
716,2024-09-20 14:12:27,DR9310202881L52AR+AA+NNNNNNNNNNN+J022J494452,None,None,None,None
717,2024-09-20 14:12:27,DR9310202881L52AR+AA+NNNNNNNNNNN+J022J494452,None,None,None,None
718,2024-09-20 14:12:27,DR9310202881L52AR+AA+NNNNNNNNNNN+J022J494452,None,None,None,None
719,2024-09-20 14:12:27,DR9310202881L52AR+AA+NNNNNNNNNNN+J022J494452,None,None,None,None
720,2024-09-20 14:12:27,DR9310202881L52AR+AA+NNNNNNNNNNN+J022J494452,None,None,None,None
721,2024-09-20 14:12:27,DR9310202881L52AR+AA+NNNNNNNNNNN+J022J494452,None,None,None,None
722,2024-09-20 14:12:27,DR9310202881L52AR+AA+NNNNNNNNNNN+J022J494452,None,None,None,None
723,2024-09-20 14:12:27,DR9310202881L52AR+AA+NNNNNNNNNNN+J022J494452,None,None,None,None
724,2024-09-20 14:12:27,DR9310202881L52AR+AA+NNNNNNNNNNN+J022J494452,None,None,None,None
725,2024-09-20 14:12:27,DR9310202881L52AR+AA+NNNNNNNNNNN+J022J494452,None,None,None,None
726,2024-09-20 14:12:27,DR9310202881L52AR+AA+NNNNNNNNNNN+J022J494452,None,None,None,None
727,2024-09-20 14:12:27,DR9310202881L52AR+AA+NNNNNNNNNNN+J022J494452,None,None,None,None
728,2024-09-20 14:12:27,DR9310202881L52AR+AA+NNNNNNNNNNN+J022J494452,None,None,None,None
729,2024-09-20 14:12:27,DR9310202881L52AR+AA+NNNNNNNNNNN+J022J494452,None,None,None,None
730,2024-09-20 14:12:27,DR9310202881L52AR+AA+NNNNNNNNNNN+J022J494452,None,None,None,None
731,2024-09-20 14:12:27,DR9310202881L52AR+AA+NNNNNNNNNNN+J022J494452,None,None,None,None
732,2024-09-20 14:12:27,DR9310202881L52AR+AA+NNNNNNNNNNN+J022J494452,None,None,None,None
733,2024-09-20 14:12:27,DR9310202881L52AR+AA+NNNNNNNNNNN+J022J494452,None,None,None,None
734,2024-09-20 14:12:27,DR9310202881L52AR+AA+NNNNNNNNNNN+J022J494452,None,None,None,None
735,2024-09-20 14:12:27,DR9310202881L52AR+AA+NNNNNNNNNNN+J022J494452,None,None,None,None
736,2024-09-20 14:12:27,DR9310202881L52AR+AA+NNNNNNNNNNN+J022J494452,None,None,None,None
737,2024-09-20 14:12:27,DR9310202881L52AR+AA+NNNNNNNNNNN+J022J494452,None,None,None,None
738,2024-09-20 14:12:27,DR9310202881L52AR+AA+NNNNNNNNNNN+J022J494452,None,None,None,None
739,2024-09-20 14:12:27,DR9310202881L52AR+AA+NNNNNNNNNNN+J022J494452,None,None,None,None
740,2024-09-20 14:12:27,DR9310202881L52AR+AA+NNNNNNNNNNN+J022J494452,None,None,None,None
741,2024-09-20 14:12:27,DR9310202881L52AR+AA+NNNNNNNNNNN+J022J494452,None,None,None,None
742,2024-09-20 14:12:27,DR9310202881L52AR+AA+NNNNNNNNNNN+J022J494452,None,None,None,None
743,2024-09-20 14:12:27,DR9310202881L52AR+AA+NNNNNNNNNNN+J022J494452,None,None,None,None
744,2024-09-20 14:12:27,DR9310202881L52AR+AA+NNNNNNNNNNN+J022J494452,None,None,None,None
745,2024-09-20 14:12:28,DR9310202881L52AR+AA+NNNNNNNNNNN+J022J494452,None,None,None,None
746,2024-09-20 14:12:28,DR9310202881L52AR+AA+NNNNNNNNNNN+J022J494452,None,None,None,None
747,2024-09-20 14:12:28,DR9310202881L52AR+AA+NNNNNNNNNNN+J022J494452,None,None,None,None
748,2024-09-20 14:12:28,DR9310202881L52AR+AA+NNNNNNNNNNN+J022J494452,None,None,None,None
749,2024-09-20 14:12:28,DR9310202881L52AR+AA+NNNNNNNNNNN+J022J494452,None,None,None,None
750,2024-09-20 14:12:28,DR9310202881L52AR+AA+NNNNNNNNNNN+J022J494452,None,None,None,None
751,2024-09-20 14:12:28,DR9310202881L52AR+AA+NNNNNNNNNNN+J022J494452,None,None,None,None
752,2024-09-20 14:12:28,DR9310202881L52AR+AA+NNNNNNNNNNN+J022J494452,None,None,None,None
753,2024-09-20 14:12:28,DR9310202881L52AR+AA+NNNNNNNNNNN+J022J494452,None,None,None,None
754,2024-09-20 14:12:28,DR9310202881L52AR+AA+NNNNNNNNNNN+J022J494452,None,None,None,None
755,2024-09-20 14:12:28,DR9310202881L52AR+AA+NNNNNNNNNNN+J022J494452,None,None,None,None
756,2024-09-20 14:12:28,DR9310202881L52AR+AA+NNNNNNNNNNN+J022J494452,None,None,None,None
757,2024-09-20 14:12:28,DR9310202881L52AR+AA+NNNNNNNNNNN+J022J494452,None,None,None,None
758,2024-09-20 14:12:28,DR9310202881L52AR+AA+NNNNNNNNNNN+J022J494452,None,None,None,None
759,2024-09-20 14:12:28,DR9310202881L52AR+AA+NNNNNNNNNNN+J022J494452,None,None,None,None
760,2024-09-20 14:12:28,DR9310202881L52AR+AA+NNNNNNNNNNN+J022J494452,None,None,None,None
761,2024-09-20 14:12:28,DR9310202881L52AR+AA+NNNNNNNNNNN+J022J494452,None,None,None,None
762,2024-09-20 14:12:28,DR9310202881L52AR+AA+NNNNNNNNNNN+J022J494452,None,None,None,None
763,2024-09-20 14:12:28,DR9310202881L52AR+AA+NNNNNNNNNNN+J022J494452,None,None,None,None
764,2024-09-20 14:12:28,DR9310202881L52AR+AA+NNNNNNNNNNN+J022J494452,None,None,None,None
765,2024-09-20 14:12:28,DR9310202881L52AR+AA+NNNNNNNNNNN+J022J494452,None,None,None,None
766,2024-09-20 14:12:28,DR9310202881L52AR+AA+NNNNNNNNNNN+J022J494452,None,None,None,None
767,2024-09-20 14:12:28,DR9310202881L52AR+AA+NNNNNNNNNNN+J022J494452,None,None,None,None
768,2024-09-20 14:12:28,DR9310202881L52AR+AA+NNNNNNNNNNN+J022J494452,None,None,None,None
769,2024-09-20 14:12:28,DR9310202881L52AR+AA+NNNNNNNNNNN+J022J494452,None,None,None,None
770,2024-09-20 14:12:28,DR9310202881L52AR+AA+NNNNNNNNNNN+J022J494452,None,None,None,None
771,2024-09-20 14:12:28,DR9310202881L52AR+AA+NNNNNNNNNNN+J022J494452,None,None,None,None
772,2024-09-20 14:12:28,DR9310202881L52AR+AA+NNNNNNNNNNN+J022J494452,None,None,None,None
773,2024-09-20 14:12:28,DR9310202881L52AR+AA+NNNNNNNNNNN+J022J494452,None,None,None,None
774,2024-09-20 14:12:28,DR9310202881L52AR+AA+NNNNNNNNNNN+J022J494452,None,None,None,None
775,2024-09-20 14:12:28,DR9310202881L52AR+AA+NNNNNNNNNNN+J022J494452,None,None,None,None
776,2024-09-20 14:12:28,DR9310202881L52AR+AA+NNNNNNNNNNN+J022J494452,None,None,None,None
777,2024-09-20 14:12:28,DR9310202881L52AR+AA+NNNNNNNNNNN+J022J494452,None,None,None,None
778,2024-09-20 14:12:28,DR9310202881L52AR+AA+NNNNNNNNNNN+J022J494452,None,None,None,None
779,2024-09-20 14:12:28,DR9310202881L52AR+AA+NNNNNNNNNNN+J022J494452,None,None,None,None
780,2024-09-20 14:12:28,DR9310202881L52AR+AA+NNNNNNNNNNN+J022J494452,None,None,None,None
781,2024-09-20 14:12:28,DR9310202881L52AR+AA+NNNNNNNNNNN+J022J494452,None,None,None,None
782,2024-09-20 14:12:28,DR9310202881L52AR+AA+NNNNNNNNNNN+J022J494452,None,None,None,None
783,2024-09-20 14:12:28,DR9310202881L52AR+AA+NNNNNNNNNNN+J022J494452,None,None,None,None
784,2024-09-20 14:12:28,DR9310202881L52AR+AA+NNNNNNNNNNN+J022J494452,None,None,None,None
785,2024-09-20 14:12:28,DR9310202881L52AR+AA+NNNNNNNNNNN+J022J494452,None,None,None,None
786,2024-09-20 14:12:28,DR9310202881L52AR+AA+NNNNNNNNNNN+J022J494452,None,None,None,None
787,2024-09-20 14:12:28,DR9310202881L52AR+AA+NNNNNNNNNNN+J022J494452,None,None,None,None
788,2024-09-20 14:12:28,DR9310202881L52AR+AA+NNNNNNNNNNN+J022J494452,None,None,None,None
789,2024-09-20 14:12:28,DR9310202881L52AR+AA+NNNNNNNNNNN+J022J494452,None,None,None,None
790,2024-09-20 14:12:28,DR9310202881L52AR+AA+NNNNNNNNNNN+J022J494452,None,None,None,None
791,2024-09-20 14:12:28,DR9310202881L52AR+AA+NNNNNNNNNNN+J022J494452,None,None,None,None
792,2024-09-20 14:12:28,DR9310202881L52AR+AA+NNNNNNNNNNN+J022J494452,None,None,None,None
793,2024-09-20 14:12:28,DR9310202881L52AR+AA+NNNNNNNNNNN+J022J494452,None,None,None,None
794,2024-09-20 14:12:28,DR9310202881L52AR+AA+NNNNNNNNNNN+J022J494452,None,None,None,None
795,2024-09-20 14:12:28,DR9310202881L52AR+AA+NNNNNNNNNNN+J022J494452,None,None,None,None
796,2024-09-20 14:12:28,DR9310202881L52AR+AA+NNNNNNNNNNN+J022J494452,None,None,None,None
797,2024-09-20 14:12:28,DR9310202881L52AR+AA+NNNNNNNNNNN+J022J494452,None,None,None,None
798,2024-09-20 14:12:28,DR9310202881L52AR+AA+NNNNNNNNNNN+J022J494452,None,None,None,None
799,2024-09-20 14:12:28,DR9310202881L52AR+AA+NNNNNNNNNNN+J022J494452,None,None,None,None
800,2024-09-20 14:12:28,DR9310202881L52AR+AA+NNNNNNNNNNN+J022J494452,None,None,None,None
801,2024-09-20 14:12:28,DR9310202881L52AR+AA+NNNNNNNNNNN+J022J494452,None,None,None,None
802,2024-09-20 14:12:28,DR9310202881L52AR+AA+NNNNNNNNNNN+J022J494452,None,None,None,None
803,2024-09-20 14:12:28,DR9310202881L52AR+AA+NNNNNNNNNNN+J022J494452,None,None,None,None
804,2024-09-20 14:12:28,DR9310202881L52AR+AA+NNNNNNNNNNN+J022J494452,None,None,None,None
805,2024-09-20 14:12:29,DR9310202881L52AR+AA+NNNNNNNNNNN+J022J494452,None,None,None,None
806,2024-09-20 14:12:29,DR9310202881L52AR+AA+NNNNNNNNNNN+J022J494452,None,None,None,None
807,2024-09-20 14:12:29,DR9310202881L52AR+AA+NNNNNNNNNNN+J022J494452,None,None,None,None
808,2024-09-20 14:12:29,DR9310202881L52AR+AA+NNNNNNNNNNN+J022J494452,None,None,None,None
809,2024-09-20 14:12:29,DR9310202881L52AR+AA+NNNNNNNNNNN+J022J494452,None,None,None,None
810,2024-09-20 14:12:29,DR9310202881L52AR+AA+NNNNNNNNNNN+J022J494452,None,None,None,None
811,2024-09-20 14:12:29,DR9310202881L52AR+AA+NNNNNNNNNNN+J022J494452,None,None,None,None
812,2024-09-20 14:12:29,DR9310202881L52AR+AA+NNNNNNNNNNN+J022J494452,None,None,None,None
813,2024-09-20 14:12:29,DR9310202881L52AR+AA+NNNNNNNNNNN+J022J494452,None,None,None,None
814,2024-09-20 14:12:29,DR9310202881L52AR+AA+NNNNNNNNNNN+J022J494452,None,None,None,None
815,2024-09-20 14:12:29,DR9310202881L52AR+AA+NNNNNNNNNNN+J022J494452,None,None,None,None
