﻿no,upload_time,sn,predict_result,sf_info,get_result_time,interval
1,2024-09-14 08:56:32,DR9310202881L52AR+AA+NNNNNNNNNNN+J022J494452,FAIL,FAIL SFIS Switch is off!,2024-09-14 08:56:32.988247,0 days 00:00:00.667704
1,2024-09-14 09:08:42,DR9310202881L52AR+AA+NNNNNNNNNNN+J022J494452,FAIL,FAIL SFIS Switch is off!,2024-09-14 09:08:42,0:00:00.673843
2,2024-09-14 09:09:25,DR9310202881L52AR+AA+NNNNNNNNNNN+J022J494452,FAIL,FAIL SFIS Switch is off!,2024-09-14 09:09:26,0:00:00.651861
3,2024-09-14 09:09:41,DR9310202881L52AR+AA+NNNNNNNNNNN+J022J494452,None,None,None,None
4,2024-09-14 09:09:42,DR9310202881L52AR+AA+NNNNNNNNNNN+J022J494452,None,None,None,None
5,2024-09-14 09:10:22,DR9310202881L52AR+AA+NNNNNNNNNNN+J022J494452,None,None,None,None
6,2024-09-14 09:11:03,DR9310202881L52AR+AA+NNNNNNNNNNN+J022J494452,FAIL,FAIL SFIS Switch is off!,2024-09-14 09:11:04,0:00:00.699950
7,2024-09-14 09:11:20,DR9310202881L52AR+AA+NNNNNNNNNNN+J022J494452,None,None,None,None
8,2024-09-14 09:11:44,DR9310202881L52AR+AA+NNNNNNNNNNN+J022J494452,None,None,None,None
9,2024-09-14 09:12:25,DR9310202881L52AR+AA+NNNNNNNNNNN+J022J494452,FAIL,FAIL SFIS Switch is off!,2024-09-14 09:12:25,0:00:00.673954
10,2024-09-14 09:14:28,DR9310202881L52AR+AA+NNNNNNNNNNN+J022J494452,FAIL,FAIL SFIS Switch is off!,2024-09-14 09:14:29,0:00:00.666416
11,2024-09-14 09:14:34,DR9310202881L52AR+AA+NNNNNNNNNNN+J022J494452,FAIL,FAIL SFIS Switch is off!,2024-09-14 09:14:35,0:00:00.670913
12,2024-09-14 09:14:37,DR9310202881L52AR+AA+NNNNNNNNNNN+J022J494452,FAIL,FAIL SFIS Switch is off!,2024-09-14 09:14:38,0:00:00.668891
13,2024-09-14 09:14:39,DR9310202881L52AR+AA+NNNNNNNNNNN+J022J494452,FAIL,FAIL SFIS Switch is off!,2024-09-14 09:14:40,0:00:00.663674
14,2024-09-14 09:14:41,DR9310202881L52AR+AA+NNNNNNNNNNN+J022J494452,FAIL,FAIL SFIS Switch is off!,2024-09-14 09:14:41,0:00:00.660810
15,2024-09-14 09:14:44,DR9310202881L52AR+AA+NNNNNNNNNNN+J022J494452,FAIL,FAIL SFIS Switch is off!,2024-09-14 09:14:44,0:00:00.716696
16,2024-09-14 09:14:46,DR9310202881L52AR+AA+NNNNNNNNNNN+J022J494452,FAIL,FAIL SFIS Switch is off!,2024-09-14 09:14:47,0:00:00.664166
17,2024-09-14 09:14:48,DR9310202881L52AR+AA+NNNNNNNNNNN+J022J494452,FAIL,FAIL SFIS Switch is off!,2024-09-14 09:14:49,0:00:00.659779
18,2024-09-14 09:15:00,DR9310202881L52AR+AA+NNNNNNNNNNN+J022J494452,FAIL,FAIL SFIS Switch is off!,2024-09-14 09:15:01,0:00:00.667460
19,2024-09-14 09:15:04,DR9310202881L52AR+AA+NNNNNNNNNNN+J022J494452,FAIL,FAIL SFIS Switch is off!,2024-09-14 09:15:04,0:00:00.655593
20,2024-09-14 09:15:07,DR9310202881L52AR+AA+NNNNNNNNNNN+J022J494452,FAIL,FAIL SFIS Switch is off!,2024-09-14 09:15:07,0:00:00.658478
21,2024-09-14 09:15:10,DR9310202881L52AR+AA+NNNNNNNNNNN+J022J494452,FAIL,FAIL SFIS Switch is off!,2024-09-14 09:15:10,0:00:00.674314
22,2024-09-14 09:17:40,DR9310202881L52AR+AA+NNNNNNNNNNN+J022J494452,FAIL,FAIL SFIS Switch is off!,2024-09-14 09:17:41,0:00:00.650899
1,2024-09-14 10:20:48,DR9310202881L52AR+AA+NNNNNNNNNNN+J022J494452,None,None,None,None
